type,domain,referenced_by_pages,url
.css,cdn11.editmysite.com,172,https://cdn11.editmysite.com/css/old/fancybox.css?buildtime=1775583444
.css,cdn11.editmysite.com,172,https://cdn11.editmysite.com/css/sites.css?buildtime=1775583444
.css,cdn11.editmysite.com,172,https://cdn11.editmysite.com/css/social-icons.css?buildtime=1775583444
.js,cdn11.editmysite.com,172,https://cdn11.editmysite.com/js/jquery-1.8.3.min.js
.js,cdn11.editmysite.com,172,https://cdn11.editmysite.com/js/site/main.js?buildtime=1775583444
.css,cdn2.editmysite.com,172,https://cdn2.editmysite.com/fonts/Amaranth/font.css?2
.css,cdn2.editmysite.com,172,https://cdn2.editmysite.com/fonts/Crimson_Text/font.css?2
.css,cdn2.editmysite.com,172,https://cdn2.editmysite.com/fonts/Lato/font.css?2
.css,cdn2.editmysite.com,172,https://cdn2.editmysite.com/fonts/Lora/font.css?2
.css,cdn2.editmysite.com,172,https://cdn2.editmysite.com/fonts/Montserrat/font.css?2
.js,cdn2.editmysite.com,172,https://cdn2.editmysite.com/js/lang/en/stl.js?buildTime=1775583444&
.css,www.fremontsailingclub.org,172,https://www.fremontsailingclub.org/files/main_style.css?1775616712
.js,www.fremontsailingclub.org,172,https://www.fremontsailingclub.org/files/templateArtifacts.js?1775616712
.js,www.fremontsailingclub.org,172,https://www.fremontsailingclub.org/files/theme/custom.js?1573850854
.js,www.fremontsailingclub.org,172,https://www.fremontsailingclub.org/files/theme/plugins.js?1573850854
.png,www.fremontsailingclub.org,172,https://www.fremontsailingclub.org/uploads/1/2/1/7/121713382/published/screen-shot-2019-05-19-at-7-52-11-pm.png?1558337561
.js,cdn2.editmysite.com,106,https://cdn2.editmysite.com/js/site/main-customer-accounts-site.js?buildtime=1775583444
.js,cdn2.editmysite.com,106,https://cdn2.editmysite.com/js/site/theme-plugins.js?buildtime=1775583444
(no-ext),www.googletagmanager.com,68,https://www.googletagmanager.com/gtag/js?id=G-05YD4R0GL4
.js,cdn2.editmysite.com,63,https://cdn2.editmysite.com/js/lang/en/stl.js?buildTime=1775670192&
.js,cdn2.editmysite.com,63,https://cdn2.editmysite.com/js/site/main-customer-accounts-site.js?buildtime=1775670192
.js,cdn2.editmysite.com,63,https://cdn2.editmysite.com/js/site/theme-plugins.js?buildtime=1775670192
.js,www.fremontsailingclub.org,11,https://www.fremontsailingclub.org/cdn-cgi/scripts/5c5dd728/cloudflare-static/email-decode.min.js
.css,cdn2.editmysite.com,6,https://cdn2.editmysite.com/css/old/slideshow/slideshow.css?buildtime=1775583444
.js,cdn2.editmysite.com,6,https://cdn2.editmysite.com/js/old/slideshow-jq.js?buildtime=1775583444
.js,cdn2.editmysite.com,3,https://cdn2.editmysite.com/js/lang/en/stl.js?buildTime=1775661924&
.js,cdn2.editmysite.com,3,https://cdn2.editmysite.com/js/site/main-customer-accounts-site.js?buildtime=1775661924
.js,cdn2.editmysite.com,3,https://cdn2.editmysite.com/js/site/theme-plugins.js?buildtime=1775661924
.png,www.fremontsailingclub.org,3,https://www.fremontsailingclub.org/uploads/1/2/7/0/127071339/2024-feb-10-pic-02-fsc_orig.png
.png,www.fremontsailingclub.org,3,https://www.fremontsailingclub.org/uploads/1/2/7/0/127071339/vern-no-bg_orig.png
.png,www.fremontsailingclub.org,2,https://www.fremontsailingclub.org/uploads/1/2/7/0/127071339/2024-feb-10-pic-01-fsc.png
.png,www.fremontsailingclub.org,2,https://www.fremontsailingclub.org/uploads/1/2/7/0/127071339/2024-feb-10-pic-01-fsc_orig.png
.png,www.fremontsailingclub.org,2,https://www.fremontsailingclub.org/uploads/1/2/7/0/127071339/2024-feb-10-pic-02-fsc.png
.png,www.fremontsailingclub.org,2,https://www.fremontsailingclub.org/uploads/1/2/7/0/127071339/2024-feb-10-pic-03-fsc.png
.png,www.fremontsailingclub.org,2,https://www.fremontsailingclub.org/uploads/1/2/7/0/127071339/2024-feb-10-pic-03-fsc_orig.png
.png,www.fremontsailingclub.org,2,https://www.fremontsailingclub.org/uploads/1/2/7/0/127071339/2024-feb-5-pic-01-fsc.png
.png,www.fremontsailingclub.org,2,https://www.fremontsailingclub.org/uploads/1/2/7/0/127071339/2024-feb-5-pic-01-fsc_orig.png
.jpeg,www.fremontsailingclub.org,2,https://www.fremontsailingclub.org/uploads/1/2/7/0/127071339/2024-feb-5-pic-02-fsc.jpeg
.jpeg,www.fremontsailingclub.org,2,https://www.fremontsailingclub.org/uploads/1/2/7/0/127071339/2024-feb-5-pic-02-fsc_orig.jpeg
.png,www.fremontsailingclub.org,2,https://www.fremontsailingclub.org/uploads/1/2/7/0/127071339/bicycle-colorful_orig.png
.css,cdn2.editmysite.com,1,https://cdn2.editmysite.com/css/old/slideshow/slideshow.css?buildtime=1775670192
.js,cdn2.editmysite.com,1,https://cdn2.editmysite.com/js/old/slideshow-jq.js?buildtime=1775670192
.js,www.fremontsailingclub.org,1,https://www.fremontsailingclub.org/gdpr/gdprscript.js?buildTime=1776366455
.jpg,www.fremontsailingclub.org,1,https://www.fremontsailingclub.org/uploads/1/2/1/7/121713382/by-laws_orig.jpg
.jpg,www.fremontsailingclub.org,1,https://www.fremontsailingclub.org/uploads/1/2/1/7/121713382/editor/eltoro.jpg?1558326405
.jpg,www.fremontsailingclub.org,1,https://www.fremontsailingclub.org/uploads/1/2/1/7/121713382/editor/fremont-relays.jpg?1560117468
.jpg,www.fremontsailingclub.org,1,https://www.fremontsailingclub.org/uploads/1/2/1/7/121713382/editor/img-8263_2.jpg?1562379812
.jpg,www.fremontsailingclub.org,1,https://www.fremontsailingclub.org/uploads/1/2/1/7/121713382/editor/lido.jpg?1558326401
.jpg,www.fremontsailingclub.org,1,https://www.fremontsailingclub.org/uploads/1/2/1/7/121713382/editor/relays.jpg?1560104688
.png,www.fremontsailingclub.org,1,https://www.fremontsailingclub.org/uploads/1/2/1/7/121713382/editor/screen-shot-2019-05-19-at-8-06-18-pm.png?1558321609
.png,www.fremontsailingclub.org,1,https://www.fremontsailingclub.org/uploads/1/2/1/7/121713382/editor/screen-shot-2019-05-19-at-8-33-33-pm.png?1558323576
.png,www.fremontsailingclub.org,1,https://www.fremontsailingclub.org/uploads/1/2/1/7/121713382/editor/screen-shot-2019-05-19-at-8-33-43-pm.png?1558323734
.png,www.fremontsailingclub.org,1,https://www.fremontsailingclub.org/uploads/1/2/1/7/121713382/editor/screen-shot-2019-05-19-at-8-33-50-pm.png?1558323797
.png,www.fremontsailingclub.org,1,https://www.fremontsailingclub.org/uploads/1/2/1/7/121713382/editor/screen-shot-2019-05-19-at-8-33-59-pm_1.png?1558360177
.png,www.fremontsailingclub.org,1,https://www.fremontsailingclub.org/uploads/1/2/1/7/121713382/editor/screen-shot-2019-05-19-at-8-34-12-pm.png?1558323973
.png,www.fremontsailingclub.org,1,https://www.fremontsailingclub.org/uploads/1/2/1/7/121713382/editor/screen-shot-2019-06-09-at-1-24-10-pm.png?1560111900
.png,www.fremontsailingclub.org,1,https://www.fremontsailingclub.org/uploads/1/2/1/7/121713382/editor/screen-shot-2019-06-09-at-11-11-04-am.png?1560103903
.jpg,www.fremontsailingclub.org,1,https://www.fremontsailingclub.org/uploads/1/2/1/7/121713382/editor/spring-456.jpg?1560117538
.jpg,www.fremontsailingclub.org,1,https://www.fremontsailingclub.org/uploads/1/2/1/7/121713382/editor/tshirts_1.jpg?1560105204
.pdf,www.fremontsailingclub.org,1,https://www.fremontsailingclub.org/uploads/1/2/1/7/121713382/fsc_by_laws_revisions.pdf
.jpg,www.fremontsailingclub.org,1,https://www.fremontsailingclub.org/uploads/1/2/1/7/121713382/img-0001.jpg
.jpg,www.fremontsailingclub.org,1,https://www.fremontsailingclub.org/uploads/1/2/1/7/121713382/img-0001_orig.jpg
.jpg,www.fremontsailingclub.org,1,https://www.fremontsailingclub.org/uploads/1/2/1/7/121713382/img-0002.jpg
.jpg,www.fremontsailingclub.org,1,https://www.fremontsailingclub.org/uploads/1/2/1/7/121713382/img-0002_orig.jpg
.jpg,www.fremontsailingclub.org,1,https://www.fremontsailingclub.org/uploads/1/2/1/7/121713382/img-0004.jpg
.jpg,www.fremontsailingclub.org,1,https://www.fremontsailingclub.org/uploads/1/2/1/7/121713382/img-0004_orig.jpg
.jpg,www.fremontsailingclub.org,1,https://www.fremontsailingclub.org/uploads/1/2/1/7/121713382/img-0005.jpg
.jpg,www.fremontsailingclub.org,1,https://www.fremontsailingclub.org/uploads/1/2/1/7/121713382/img-0005_orig.jpg
.jpg,www.fremontsailingclub.org,1,https://www.fremontsailingclub.org/uploads/1/2/1/7/121713382/img-0006.jpg
.jpg,www.fremontsailingclub.org,1,https://www.fremontsailingclub.org/uploads/1/2/1/7/121713382/img-0006_orig.jpg
.jpg,www.fremontsailingclub.org,1,https://www.fremontsailingclub.org/uploads/1/2/1/7/121713382/img-0007.jpg
.jpg,www.fremontsailingclub.org,1,https://www.fremontsailingclub.org/uploads/1/2/1/7/121713382/img-0007_orig.jpg
.jpg,www.fremontsailingclub.org,1,https://www.fremontsailingclub.org/uploads/1/2/1/7/121713382/img-0009.jpg
.jpg,www.fremontsailingclub.org,1,https://www.fremontsailingclub.org/uploads/1/2/1/7/121713382/img-0009_orig.jpg
.jpg,www.fremontsailingclub.org,1,https://www.fremontsailingclub.org/uploads/1/2/1/7/121713382/img-0010.jpg
.jpg,www.fremontsailingclub.org,1,https://www.fremontsailingclub.org/uploads/1/2/1/7/121713382/img-0010_orig.jpg
.jpg,www.fremontsailingclub.org,1,https://www.fremontsailingclub.org/uploads/1/2/1/7/121713382/img-0013.jpg
.jpg,www.fremontsailingclub.org,1,https://www.fremontsailingclub.org/uploads/1/2/1/7/121713382/img-0013_orig.jpg
.jpg,www.fremontsailingclub.org,1,https://www.fremontsailingclub.org/uploads/1/2/1/7/121713382/img-0015.jpg
.jpg,www.fremontsailingclub.org,1,https://www.fremontsailingclub.org/uploads/1/2/1/7/121713382/img-0015_orig.jpg
.jpg,www.fremontsailingclub.org,1,https://www.fremontsailingclub.org/uploads/1/2/1/7/121713382/img-0016.jpg
.jpg,www.fremontsailingclub.org,1,https://www.fremontsailingclub.org/uploads/1/2/1/7/121713382/img-0016_orig.jpg
.jpg,www.fremontsailingclub.org,1,https://www.fremontsailingclub.org/uploads/1/2/1/7/121713382/img-0020.jpg
.jpg,www.fremontsailingclub.org,1,https://www.fremontsailingclub.org/uploads/1/2/1/7/121713382/img-0020_orig.jpg
.jpg,www.fremontsailingclub.org,1,https://www.fremontsailingclub.org/uploads/1/2/1/7/121713382/img-0026.jpg
.jpg,www.fremontsailingclub.org,1,https://www.fremontsailingclub.org/uploads/1/2/1/7/121713382/img-0026_orig.jpg
.jpg,www.fremontsailingclub.org,1,https://www.fremontsailingclub.org/uploads/1/2/1/7/121713382/img-0029.jpg
.jpg,www.fremontsailingclub.org,1,https://www.fremontsailingclub.org/uploads/1/2/1/7/121713382/img-0029_orig.jpg
.jpg,www.fremontsailingclub.org,1,https://www.fremontsailingclub.org/uploads/1/2/1/7/121713382/img-0031.jpg
.jpg,www.fremontsailingclub.org,1,https://www.fremontsailingclub.org/uploads/1/2/1/7/121713382/img-0031_orig.jpg
.jpg,www.fremontsailingclub.org,1,https://www.fremontsailingclub.org/uploads/1/2/1/7/121713382/img-0034.jpg
.jpg,www.fremontsailingclub.org,1,https://www.fremontsailingclub.org/uploads/1/2/1/7/121713382/img-0034_orig.jpg
.jpg,www.fremontsailingclub.org,1,https://www.fremontsailingclub.org/uploads/1/2/1/7/121713382/img-0035.jpg
.jpg,www.fremontsailingclub.org,1,https://www.fremontsailingclub.org/uploads/1/2/1/7/121713382/img-0035_orig.jpg
.jpg,www.fremontsailingclub.org,1,https://www.fremontsailingclub.org/uploads/1/2/1/7/121713382/img-0037.jpg
.jpg,www.fremontsailingclub.org,1,https://www.fremontsailingclub.org/uploads/1/2/1/7/121713382/img-0037_orig.jpg
.jpg,www.fremontsailingclub.org,1,https://www.fremontsailingclub.org/uploads/1/2/1/7/121713382/img-0039.jpg
.jpg,www.fremontsailingclub.org,1,https://www.fremontsailingclub.org/uploads/1/2/1/7/121713382/img-0039_orig.jpg
.jpg,www.fremontsailingclub.org,1,https://www.fremontsailingclub.org/uploads/1/2/1/7/121713382/img-0042.jpg
.jpg,www.fremontsailingclub.org,1,https://www.fremontsailingclub.org/uploads/1/2/1/7/121713382/img-0042_orig.jpg
.jpg,www.fremontsailingclub.org,1,https://www.fremontsailingclub.org/uploads/1/2/1/7/121713382/img-0044_1.jpg
.jpg,www.fremontsailingclub.org,1,https://www.fremontsailingclub.org/uploads/1/2/1/7/121713382/img-0044_1_orig.jpg
.jpg,www.fremontsailingclub.org,1,https://www.fremontsailingclub.org/uploads/1/2/1/7/121713382/img-0045_1.jpg
.jpg,www.fremontsailingclub.org,1,https://www.fremontsailingclub.org/uploads/1/2/1/7/121713382/img-0045_1_orig.jpg
.jpg,www.fremontsailingclub.org,1,https://www.fremontsailingclub.org/uploads/1/2/1/7/121713382/img-0046_1.jpg
.jpg,www.fremontsailingclub.org,1,https://www.fremontsailingclub.org/uploads/1/2/1/7/121713382/img-0046_1_orig.jpg
.jpg,www.fremontsailingclub.org,1,https://www.fremontsailingclub.org/uploads/1/2/1/7/121713382/img-0047.jpg
.jpg,www.fremontsailingclub.org,1,https://www.fremontsailingclub.org/uploads/1/2/1/7/121713382/img-0047_orig.jpg
.jpg,www.fremontsailingclub.org,1,https://www.fremontsailingclub.org/uploads/1/2/1/7/121713382/img-0052.jpg
.jpg,www.fremontsailingclub.org,1,https://www.fremontsailingclub.org/uploads/1/2/1/7/121713382/img-0052_orig.jpg
.jpg,www.fremontsailingclub.org,1,https://www.fremontsailingclub.org/uploads/1/2/1/7/121713382/img-0054.jpg
.jpg,www.fremontsailingclub.org,1,https://www.fremontsailingclub.org/uploads/1/2/1/7/121713382/img-0054_orig.jpg
.jpg,www.fremontsailingclub.org,1,https://www.fremontsailingclub.org/uploads/1/2/1/7/121713382/img-0055.jpg
.jpg,www.fremontsailingclub.org,1,https://www.fremontsailingclub.org/uploads/1/2/1/7/121713382/img-0055_3.jpg
.jpg,www.fremontsailingclub.org,1,https://www.fremontsailingclub.org/uploads/1/2/1/7/121713382/img-0055_3_orig.jpg
.jpg,www.fremontsailingclub.org,1,https://www.fremontsailingclub.org/uploads/1/2/1/7/121713382/img-0055_orig.jpg
.jpg,www.fremontsailingclub.org,1,https://www.fremontsailingclub.org/uploads/1/2/1/7/121713382/img-0056.jpg
.jpg,www.fremontsailingclub.org,1,https://www.fremontsailingclub.org/uploads/1/2/1/7/121713382/img-0056_orig.jpg
.jpg,www.fremontsailingclub.org,1,https://www.fremontsailingclub.org/uploads/1/2/1/7/121713382/img-0057.jpg
.jpg,www.fremontsailingclub.org,1,https://www.fremontsailingclub.org/uploads/1/2/1/7/121713382/img-0057_orig.jpg
.jpg,www.fremontsailingclub.org,1,https://www.fremontsailingclub.org/uploads/1/2/1/7/121713382/img-0059.jpg
.jpg,www.fremontsailingclub.org,1,https://www.fremontsailingclub.org/uploads/1/2/1/7/121713382/img-0059_orig.jpg
.jpg,www.fremontsailingclub.org,1,https://www.fremontsailingclub.org/uploads/1/2/1/7/121713382/img-0060.jpg
.jpg,www.fremontsailingclub.org,1,https://www.fremontsailingclub.org/uploads/1/2/1/7/121713382/img-0060_orig.jpg
.jpg,www.fremontsailingclub.org,1,https://www.fremontsailingclub.org/uploads/1/2/1/7/121713382/img-0062.jpg
.jpg,www.fremontsailingclub.org,1,https://www.fremontsailingclub.org/uploads/1/2/1/7/121713382/img-0062_orig.jpg
.jpg,www.fremontsailingclub.org,1,https://www.fremontsailingclub.org/uploads/1/2/1/7/121713382/img-0063.jpg
.jpg,www.fremontsailingclub.org,1,https://www.fremontsailingclub.org/uploads/1/2/1/7/121713382/img-0063_3.jpg
.jpg,www.fremontsailingclub.org,1,https://www.fremontsailingclub.org/uploads/1/2/1/7/121713382/img-0063_3_orig.jpg
.jpg,www.fremontsailingclub.org,1,https://www.fremontsailingclub.org/uploads/1/2/1/7/121713382/img-0063_orig.jpg
.jpg,www.fremontsailingclub.org,1,https://www.fremontsailingclub.org/uploads/1/2/1/7/121713382/img-0064.jpg
.jpg,www.fremontsailingclub.org,1,https://www.fremontsailingclub.org/uploads/1/2/1/7/121713382/img-0064_orig.jpg
.jpg,www.fremontsailingclub.org,1,https://www.fremontsailingclub.org/uploads/1/2/1/7/121713382/img-0065.jpg
.jpg,www.fremontsailingclub.org,1,https://www.fremontsailingclub.org/uploads/1/2/1/7/121713382/img-0065_orig.jpg
.jpg,www.fremontsailingclub.org,1,https://www.fremontsailingclub.org/uploads/1/2/1/7/121713382/img-0066.jpg
.jpg,www.fremontsailingclub.org,1,https://www.fremontsailingclub.org/uploads/1/2/1/7/121713382/img-0066_orig.jpg
.jpg,www.fremontsailingclub.org,1,https://www.fremontsailingclub.org/uploads/1/2/1/7/121713382/img-0067.jpg
.jpg,www.fremontsailingclub.org,1,https://www.fremontsailingclub.org/uploads/1/2/1/7/121713382/img-0067_orig.jpg
.jpg,www.fremontsailingclub.org,1,https://www.fremontsailingclub.org/uploads/1/2/1/7/121713382/img-0068.jpg
.jpg,www.fremontsailingclub.org,1,https://www.fremontsailingclub.org/uploads/1/2/1/7/121713382/img-0068_orig.jpg
.jpg,www.fremontsailingclub.org,1,https://www.fremontsailingclub.org/uploads/1/2/1/7/121713382/img-0070.jpg
.jpg,www.fremontsailingclub.org,1,https://www.fremontsailingclub.org/uploads/1/2/1/7/121713382/img-0070_orig.jpg
.jpg,www.fremontsailingclub.org,1,https://www.fremontsailingclub.org/uploads/1/2/1/7/121713382/img-0071.jpg
.jpg,www.fremontsailingclub.org,1,https://www.fremontsailingclub.org/uploads/1/2/1/7/121713382/img-0071_orig.jpg
.jpg,www.fremontsailingclub.org,1,https://www.fremontsailingclub.org/uploads/1/2/1/7/121713382/img-0072.jpg
.jpg,www.fremontsailingclub.org,1,https://www.fremontsailingclub.org/uploads/1/2/1/7/121713382/img-0072_orig.jpg
.jpg,www.fremontsailingclub.org,1,https://www.fremontsailingclub.org/uploads/1/2/1/7/121713382/img-0073.jpg
.jpg,www.fremontsailingclub.org,1,https://www.fremontsailingclub.org/uploads/1/2/1/7/121713382/img-0073_orig.jpg
.jpg,www.fremontsailingclub.org,1,https://www.fremontsailingclub.org/uploads/1/2/1/7/121713382/img-0074.jpg
.jpg,www.fremontsailingclub.org,1,https://www.fremontsailingclub.org/uploads/1/2/1/7/121713382/img-0074_3.jpg
.jpg,www.fremontsailingclub.org,1,https://www.fremontsailingclub.org/uploads/1/2/1/7/121713382/img-0074_3_orig.jpg
.jpg,www.fremontsailingclub.org,1,https://www.fremontsailingclub.org/uploads/1/2/1/7/121713382/img-0074_orig.jpg
.jpg,www.fremontsailingclub.org,1,https://www.fremontsailingclub.org/uploads/1/2/1/7/121713382/img-0075.jpg
.jpg,www.fremontsailingclub.org,1,https://www.fremontsailingclub.org/uploads/1/2/1/7/121713382/img-0075_orig.jpg
.jpg,www.fremontsailingclub.org,1,https://www.fremontsailingclub.org/uploads/1/2/1/7/121713382/img-0076.jpg
.jpg,www.fremontsailingclub.org,1,https://www.fremontsailingclub.org/uploads/1/2/1/7/121713382/img-0076_orig.jpg
.jpg,www.fremontsailingclub.org,1,https://www.fremontsailingclub.org/uploads/1/2/1/7/121713382/img-0077.jpg
.jpg,www.fremontsailingclub.org,1,https://www.fremontsailingclub.org/uploads/1/2/1/7/121713382/img-0077_orig.jpg
.jpg,www.fremontsailingclub.org,1,https://www.fremontsailingclub.org/uploads/1/2/1/7/121713382/img-0078.jpg
.jpg,www.fremontsailingclub.org,1,https://www.fremontsailingclub.org/uploads/1/2/1/7/121713382/img-0078_orig.jpg
.jpg,www.fremontsailingclub.org,1,https://www.fremontsailingclub.org/uploads/1/2/1/7/121713382/img-0079.jpg
.jpg,www.fremontsailingclub.org,1,https://www.fremontsailingclub.org/uploads/1/2/1/7/121713382/img-0079_orig.jpg
.jpg,www.fremontsailingclub.org,1,https://www.fremontsailingclub.org/uploads/1/2/1/7/121713382/img-0080.jpg
.jpg,www.fremontsailingclub.org,1,https://www.fremontsailingclub.org/uploads/1/2/1/7/121713382/img-0080_orig.jpg
.jpg,www.fremontsailingclub.org,1,https://www.fremontsailingclub.org/uploads/1/2/1/7/121713382/img-0081.jpg
.jpg,www.fremontsailingclub.org,1,https://www.fremontsailingclub.org/uploads/1/2/1/7/121713382/img-0081_orig.jpg
.jpg,www.fremontsailingclub.org,1,https://www.fremontsailingclub.org/uploads/1/2/1/7/121713382/img-0083.jpg
.jpg,www.fremontsailingclub.org,1,https://www.fremontsailingclub.org/uploads/1/2/1/7/121713382/img-0083_orig.jpg
.jpg,www.fremontsailingclub.org,1,https://www.fremontsailingclub.org/uploads/1/2/1/7/121713382/img-0084.jpg
.jpg,www.fremontsailingclub.org,1,https://www.fremontsailingclub.org/uploads/1/2/1/7/121713382/img-0084_orig.jpg
.jpg,www.fremontsailingclub.org,1,https://www.fremontsailingclub.org/uploads/1/2/1/7/121713382/img-0085.jpg
.jpg,www.fremontsailingclub.org,1,https://www.fremontsailingclub.org/uploads/1/2/1/7/121713382/img-0085_orig.jpg
.jpg,www.fremontsailingclub.org,1,https://www.fremontsailingclub.org/uploads/1/2/1/7/121713382/img-0086.jpg
.jpg,www.fremontsailingclub.org,1,https://www.fremontsailingclub.org/uploads/1/2/1/7/121713382/img-0086_orig.jpg
.jpg,www.fremontsailingclub.org,1,https://www.fremontsailingclub.org/uploads/1/2/1/7/121713382/img-0087.jpg
.jpg,www.fremontsailingclub.org,1,https://www.fremontsailingclub.org/uploads/1/2/1/7/121713382/img-0087_orig.jpg
.jpg,www.fremontsailingclub.org,1,https://www.fremontsailingclub.org/uploads/1/2/1/7/121713382/img-0088.jpg
.jpg,www.fremontsailingclub.org,1,https://www.fremontsailingclub.org/uploads/1/2/1/7/121713382/img-0088_orig.jpg
.jpg,www.fremontsailingclub.org,1,https://www.fremontsailingclub.org/uploads/1/2/1/7/121713382/img-0089.jpg
.jpg,www.fremontsailingclub.org,1,https://www.fremontsailingclub.org/uploads/1/2/1/7/121713382/img-0089_orig.jpg
.jpg,www.fremontsailingclub.org,1,https://www.fremontsailingclub.org/uploads/1/2/1/7/121713382/img-0090.jpg
.jpg,www.fremontsailingclub.org,1,https://www.fremontsailingclub.org/uploads/1/2/1/7/121713382/img-0090_orig.jpg
.jpg,www.fremontsailingclub.org,1,https://www.fremontsailingclub.org/uploads/1/2/1/7/121713382/img-0091.jpg
.jpg,www.fremontsailingclub.org,1,https://www.fremontsailingclub.org/uploads/1/2/1/7/121713382/img-0091_3.jpg
.jpg,www.fremontsailingclub.org,1,https://www.fremontsailingclub.org/uploads/1/2/1/7/121713382/img-0091_3_orig.jpg
.jpg,www.fremontsailingclub.org,1,https://www.fremontsailingclub.org/uploads/1/2/1/7/121713382/img-0091_orig.jpg
.jpg,www.fremontsailingclub.org,1,https://www.fremontsailingclub.org/uploads/1/2/1/7/121713382/img-0093_1.jpg
.jpg,www.fremontsailingclub.org,1,https://www.fremontsailingclub.org/uploads/1/2/1/7/121713382/img-0093_1_orig.jpg
.jpg,www.fremontsailingclub.org,1,https://www.fremontsailingclub.org/uploads/1/2/1/7/121713382/img-0096.jpg
.jpg,www.fremontsailingclub.org,1,https://www.fremontsailingclub.org/uploads/1/2/1/7/121713382/img-0096_orig.jpg
.jpg,www.fremontsailingclub.org,1,https://www.fremontsailingclub.org/uploads/1/2/1/7/121713382/img-0097.jpg
.jpg,www.fremontsailingclub.org,1,https://www.fremontsailingclub.org/uploads/1/2/1/7/121713382/img-0097_orig.jpg
.jpg,www.fremontsailingclub.org,1,https://www.fremontsailingclub.org/uploads/1/2/1/7/121713382/img-0098.jpg
.jpg,www.fremontsailingclub.org,1,https://www.fremontsailingclub.org/uploads/1/2/1/7/121713382/img-0098_orig.jpg
.jpg,www.fremontsailingclub.org,1,https://www.fremontsailingclub.org/uploads/1/2/1/7/121713382/img-0099.jpg
.jpg,www.fremontsailingclub.org,1,https://www.fremontsailingclub.org/uploads/1/2/1/7/121713382/img-0099_orig.jpg
.jpg,www.fremontsailingclub.org,1,https://www.fremontsailingclub.org/uploads/1/2/1/7/121713382/img-0100.jpg
.jpg,www.fremontsailingclub.org,1,https://www.fremontsailingclub.org/uploads/1/2/1/7/121713382/img-0100_orig.jpg
.jpg,www.fremontsailingclub.org,1,https://www.fremontsailingclub.org/uploads/1/2/1/7/121713382/img-0103_1.jpg
.jpg,www.fremontsailingclub.org,1,https://www.fremontsailingclub.org/uploads/1/2/1/7/121713382/img-0103_1_orig.jpg
.jpg,www.fremontsailingclub.org,1,https://www.fremontsailingclub.org/uploads/1/2/1/7/121713382/img-0105.jpg
.jpg,www.fremontsailingclub.org,1,https://www.fremontsailingclub.org/uploads/1/2/1/7/121713382/img-0105_3.jpg
.jpg,www.fremontsailingclub.org,1,https://www.fremontsailingclub.org/uploads/1/2/1/7/121713382/img-0105_3_orig.jpg
.jpg,www.fremontsailingclub.org,1,https://www.fremontsailingclub.org/uploads/1/2/1/7/121713382/img-0105_orig.jpg
.jpg,www.fremontsailingclub.org,1,https://www.fremontsailingclub.org/uploads/1/2/1/7/121713382/img-0107.jpg
.jpg,www.fremontsailingclub.org,1,https://www.fremontsailingclub.org/uploads/1/2/1/7/121713382/img-0107_orig.jpg
.jpg,www.fremontsailingclub.org,1,https://www.fremontsailingclub.org/uploads/1/2/1/7/121713382/img-0109_1.jpg
.jpg,www.fremontsailingclub.org,1,https://www.fremontsailingclub.org/uploads/1/2/1/7/121713382/img-0109_1_orig.jpg
.jpg,www.fremontsailingclub.org,1,https://www.fremontsailingclub.org/uploads/1/2/1/7/121713382/img-0110.jpg
.jpg,www.fremontsailingclub.org,1,https://www.fremontsailingclub.org/uploads/1/2/1/7/121713382/img-0110_orig.jpg
.jpg,www.fremontsailingclub.org,1,https://www.fremontsailingclub.org/uploads/1/2/1/7/121713382/img-0113.jpg
.jpg,www.fremontsailingclub.org,1,https://www.fremontsailingclub.org/uploads/1/2/1/7/121713382/img-0113_orig.jpg
.jpg,www.fremontsailingclub.org,1,https://www.fremontsailingclub.org/uploads/1/2/1/7/121713382/img-0114.jpg
.jpg,www.fremontsailingclub.org,1,https://www.fremontsailingclub.org/uploads/1/2/1/7/121713382/img-0114_orig.jpg
.jpg,www.fremontsailingclub.org,1,https://www.fremontsailingclub.org/uploads/1/2/1/7/121713382/img-0115_1.jpg
.jpg,www.fremontsailingclub.org,1,https://www.fremontsailingclub.org/uploads/1/2/1/7/121713382/img-0115_1_orig.jpg
.jpg,www.fremontsailingclub.org,1,https://www.fremontsailingclub.org/uploads/1/2/1/7/121713382/img-0117.jpg
.jpg,www.fremontsailingclub.org,1,https://www.fremontsailingclub.org/uploads/1/2/1/7/121713382/img-0117_orig.jpg
.jpg,www.fremontsailingclub.org,1,https://www.fremontsailingclub.org/uploads/1/2/1/7/121713382/img-0123_1.jpg
.jpg,www.fremontsailingclub.org,1,https://www.fremontsailingclub.org/uploads/1/2/1/7/121713382/img-0123_1_orig.jpg
.jpg,www.fremontsailingclub.org,1,https://www.fremontsailingclub.org/uploads/1/2/1/7/121713382/img-0125.jpg
.jpg,www.fremontsailingclub.org,1,https://www.fremontsailingclub.org/uploads/1/2/1/7/121713382/img-0125_orig.jpg
.jpg,www.fremontsailingclub.org,1,https://www.fremontsailingclub.org/uploads/1/2/1/7/121713382/img-0126.jpg
.jpg,www.fremontsailingclub.org,1,https://www.fremontsailingclub.org/uploads/1/2/1/7/121713382/img-0126_orig.jpg
.jpg,www.fremontsailingclub.org,1,https://www.fremontsailingclub.org/uploads/1/2/1/7/121713382/img-0127.jpg
.jpg,www.fremontsailingclub.org,1,https://www.fremontsailingclub.org/uploads/1/2/1/7/121713382/img-0127_orig.jpg
.jpg,www.fremontsailingclub.org,1,https://www.fremontsailingclub.org/uploads/1/2/1/7/121713382/img-0128.jpg
.jpg,www.fremontsailingclub.org,1,https://www.fremontsailingclub.org/uploads/1/2/1/7/121713382/img-0128_orig.jpg
.jpg,www.fremontsailingclub.org,1,https://www.fremontsailingclub.org/uploads/1/2/1/7/121713382/img-0129.jpg
.jpg,www.fremontsailingclub.org,1,https://www.fremontsailingclub.org/uploads/1/2/1/7/121713382/img-0129_orig.jpg
.jpg,www.fremontsailingclub.org,1,https://www.fremontsailingclub.org/uploads/1/2/1/7/121713382/img-0130.jpg
.jpg,www.fremontsailingclub.org,1,https://www.fremontsailingclub.org/uploads/1/2/1/7/121713382/img-0130_orig.jpg
.jpg,www.fremontsailingclub.org,1,https://www.fremontsailingclub.org/uploads/1/2/1/7/121713382/img-0131.jpg
.jpg,www.fremontsailingclub.org,1,https://www.fremontsailingclub.org/uploads/1/2/1/7/121713382/img-0131_orig.jpg
.jpg,www.fremontsailingclub.org,1,https://www.fremontsailingclub.org/uploads/1/2/1/7/121713382/img-0132.jpg
.jpg,www.fremontsailingclub.org,1,https://www.fremontsailingclub.org/uploads/1/2/1/7/121713382/img-0132_orig.jpg
.jpg,www.fremontsailingclub.org,1,https://www.fremontsailingclub.org/uploads/1/2/1/7/121713382/img-0134.jpg
.jpg,www.fremontsailingclub.org,1,https://www.fremontsailingclub.org/uploads/1/2/1/7/121713382/img-0134_orig.jpg
.jpg,www.fremontsailingclub.org,1,https://www.fremontsailingclub.org/uploads/1/2/1/7/121713382/img-0135.jpg
.jpg,www.fremontsailingclub.org,1,https://www.fremontsailingclub.org/uploads/1/2/1/7/121713382/img-0135_orig.jpg
.jpg,www.fremontsailingclub.org,1,https://www.fremontsailingclub.org/uploads/1/2/1/7/121713382/img-0136.jpg
.jpg,www.fremontsailingclub.org,1,https://www.fremontsailingclub.org/uploads/1/2/1/7/121713382/img-0136_orig.jpg
.jpg,www.fremontsailingclub.org,1,https://www.fremontsailingclub.org/uploads/1/2/1/7/121713382/img-0137.jpg
.jpg,www.fremontsailingclub.org,1,https://www.fremontsailingclub.org/uploads/1/2/1/7/121713382/img-0137_orig.jpg
.jpg,www.fremontsailingclub.org,1,https://www.fremontsailingclub.org/uploads/1/2/1/7/121713382/img-0138.jpg
.jpg,www.fremontsailingclub.org,1,https://www.fremontsailingclub.org/uploads/1/2/1/7/121713382/img-0138_orig.jpg
.jpg,www.fremontsailingclub.org,1,https://www.fremontsailingclub.org/uploads/1/2/1/7/121713382/img-0139.jpg
.jpg,www.fremontsailingclub.org,1,https://www.fremontsailingclub.org/uploads/1/2/1/7/121713382/img-0139_orig.jpg
.jpg,www.fremontsailingclub.org,1,https://www.fremontsailingclub.org/uploads/1/2/1/7/121713382/img-0140.jpg
.jpg,www.fremontsailingclub.org,1,https://www.fremontsailingclub.org/uploads/1/2/1/7/121713382/img-0140_orig.jpg
.jpg,www.fremontsailingclub.org,1,https://www.fremontsailingclub.org/uploads/1/2/1/7/121713382/img-0141.jpg
.jpg,www.fremontsailingclub.org,1,https://www.fremontsailingclub.org/uploads/1/2/1/7/121713382/img-0141_orig.jpg
.jpg,www.fremontsailingclub.org,1,https://www.fremontsailingclub.org/uploads/1/2/1/7/121713382/img-0142.jpg
.jpg,www.fremontsailingclub.org,1,https://www.fremontsailingclub.org/uploads/1/2/1/7/121713382/img-0142_orig.jpg
.jpg,www.fremontsailingclub.org,1,https://www.fremontsailingclub.org/uploads/1/2/1/7/121713382/img-0143.jpg
.jpg,www.fremontsailingclub.org,1,https://www.fremontsailingclub.org/uploads/1/2/1/7/121713382/img-0143_orig.jpg
.jpg,www.fremontsailingclub.org,1,https://www.fremontsailingclub.org/uploads/1/2/1/7/121713382/img-0144.jpg
.jpg,www.fremontsailingclub.org,1,https://www.fremontsailingclub.org/uploads/1/2/1/7/121713382/img-0144_orig.jpg
.jpg,www.fremontsailingclub.org,1,https://www.fremontsailingclub.org/uploads/1/2/1/7/121713382/img-0145.jpg
.jpg,www.fremontsailingclub.org,1,https://www.fremontsailingclub.org/uploads/1/2/1/7/121713382/img-0145_orig.jpg
.jpg,www.fremontsailingclub.org,1,https://www.fremontsailingclub.org/uploads/1/2/1/7/121713382/img-0146.jpg
.jpg,www.fremontsailingclub.org,1,https://www.fremontsailingclub.org/uploads/1/2/1/7/121713382/img-0146_orig.jpg
.jpg,www.fremontsailingclub.org,1,https://www.fremontsailingclub.org/uploads/1/2/1/7/121713382/img-0147.jpg
.jpg,www.fremontsailingclub.org,1,https://www.fremontsailingclub.org/uploads/1/2/1/7/121713382/img-0147_orig.jpg
.jpg,www.fremontsailingclub.org,1,https://www.fremontsailingclub.org/uploads/1/2/1/7/121713382/img-0148.jpg
.jpg,www.fremontsailingclub.org,1,https://www.fremontsailingclub.org/uploads/1/2/1/7/121713382/img-0148_orig.jpg
.jpg,www.fremontsailingclub.org,1,https://www.fremontsailingclub.org/uploads/1/2/1/7/121713382/img-0149.jpg
.jpg,www.fremontsailingclub.org,1,https://www.fremontsailingclub.org/uploads/1/2/1/7/121713382/img-0149_orig.jpg
.jpg,www.fremontsailingclub.org,1,https://www.fremontsailingclub.org/uploads/1/2/1/7/121713382/img-0150.jpg
.jpg,www.fremontsailingclub.org,1,https://www.fremontsailingclub.org/uploads/1/2/1/7/121713382/img-0150_orig.jpg
.jpg,www.fremontsailingclub.org,1,https://www.fremontsailingclub.org/uploads/1/2/1/7/121713382/img-0151.jpg
.jpg,www.fremontsailingclub.org,1,https://www.fremontsailingclub.org/uploads/1/2/1/7/121713382/img-0151_orig.jpg
.jpg,www.fremontsailingclub.org,1,https://www.fremontsailingclub.org/uploads/1/2/1/7/121713382/img-0152.jpg
.jpg,www.fremontsailingclub.org,1,https://www.fremontsailingclub.org/uploads/1/2/1/7/121713382/img-0152_orig.jpg
.jpg,www.fremontsailingclub.org,1,https://www.fremontsailingclub.org/uploads/1/2/1/7/121713382/img-0153.jpg
.jpg,www.fremontsailingclub.org,1,https://www.fremontsailingclub.org/uploads/1/2/1/7/121713382/img-0153_orig.jpg
.jpg,www.fremontsailingclub.org,1,https://www.fremontsailingclub.org/uploads/1/2/1/7/121713382/img-0154.jpg
.jpg,www.fremontsailingclub.org,1,https://www.fremontsailingclub.org/uploads/1/2/1/7/121713382/img-0154_orig.jpg
.jpg,www.fremontsailingclub.org,1,https://www.fremontsailingclub.org/uploads/1/2/1/7/121713382/img-0155.jpg
.jpg,www.fremontsailingclub.org,1,https://www.fremontsailingclub.org/uploads/1/2/1/7/121713382/img-0155_orig.jpg
.jpg,www.fremontsailingclub.org,1,https://www.fremontsailingclub.org/uploads/1/2/1/7/121713382/img-0156.jpg
.jpg,www.fremontsailingclub.org,1,https://www.fremontsailingclub.org/uploads/1/2/1/7/121713382/img-0156_orig.jpg
.jpg,www.fremontsailingclub.org,1,https://www.fremontsailingclub.org/uploads/1/2/1/7/121713382/img-0157.jpg
.jpg,www.fremontsailingclub.org,1,https://www.fremontsailingclub.org/uploads/1/2/1/7/121713382/img-0157_orig.jpg
.jpg,www.fremontsailingclub.org,1,https://www.fremontsailingclub.org/uploads/1/2/1/7/121713382/img-0158.jpg
.jpg,www.fremontsailingclub.org,1,https://www.fremontsailingclub.org/uploads/1/2/1/7/121713382/img-0158_orig.jpg
.jpg,www.fremontsailingclub.org,1,https://www.fremontsailingclub.org/uploads/1/2/1/7/121713382/img-0159.jpg
.jpg,www.fremontsailingclub.org,1,https://www.fremontsailingclub.org/uploads/1/2/1/7/121713382/img-0159_orig.jpg
.jpg,www.fremontsailingclub.org,1,https://www.fremontsailingclub.org/uploads/1/2/1/7/121713382/img-0162.jpg
.jpg,www.fremontsailingclub.org,1,https://www.fremontsailingclub.org/uploads/1/2/1/7/121713382/img-0162_3.jpg
.jpg,www.fremontsailingclub.org,1,https://www.fremontsailingclub.org/uploads/1/2/1/7/121713382/img-0162_3_orig.jpg
.jpg,www.fremontsailingclub.org,1,https://www.fremontsailingclub.org/uploads/1/2/1/7/121713382/img-0162_orig.jpg
.jpg,www.fremontsailingclub.org,1,https://www.fremontsailingclub.org/uploads/1/2/1/7/121713382/img-0163.jpg
.jpg,www.fremontsailingclub.org,1,https://www.fremontsailingclub.org/uploads/1/2/1/7/121713382/img-0163_orig.jpg
.jpg,www.fremontsailingclub.org,1,https://www.fremontsailingclub.org/uploads/1/2/1/7/121713382/img-0164.jpg
.jpg,www.fremontsailingclub.org,1,https://www.fremontsailingclub.org/uploads/1/2/1/7/121713382/img-0164_orig.jpg
.jpg,www.fremontsailingclub.org,1,https://www.fremontsailingclub.org/uploads/1/2/1/7/121713382/img-0167.jpg
.jpg,www.fremontsailingclub.org,1,https://www.fremontsailingclub.org/uploads/1/2/1/7/121713382/img-0167_orig.jpg
.jpg,www.fremontsailingclub.org,1,https://www.fremontsailingclub.org/uploads/1/2/1/7/121713382/img-0168.jpg
.jpg,www.fremontsailingclub.org,1,https://www.fremontsailingclub.org/uploads/1/2/1/7/121713382/img-0168_orig.jpg
.jpg,www.fremontsailingclub.org,1,https://www.fremontsailingclub.org/uploads/1/2/1/7/121713382/img-0170.jpg
.jpg,www.fremontsailingclub.org,1,https://www.fremontsailingclub.org/uploads/1/2/1/7/121713382/img-0170_orig.jpg
.jpg,www.fremontsailingclub.org,1,https://www.fremontsailingclub.org/uploads/1/2/1/7/121713382/img-0171.jpg
.jpg,www.fremontsailingclub.org,1,https://www.fremontsailingclub.org/uploads/1/2/1/7/121713382/img-0171_orig.jpg
.jpg,www.fremontsailingclub.org,1,https://www.fremontsailingclub.org/uploads/1/2/1/7/121713382/img-0172.jpg
.jpg,www.fremontsailingclub.org,1,https://www.fremontsailingclub.org/uploads/1/2/1/7/121713382/img-0172_orig.jpg
.jpg,www.fremontsailingclub.org,1,https://www.fremontsailingclub.org/uploads/1/2/1/7/121713382/img-0173.jpg
.jpg,www.fremontsailingclub.org,1,https://www.fremontsailingclub.org/uploads/1/2/1/7/121713382/img-0173_3.jpg
.jpg,www.fremontsailingclub.org,1,https://www.fremontsailingclub.org/uploads/1/2/1/7/121713382/img-0173_3_orig.jpg
.jpg,www.fremontsailingclub.org,1,https://www.fremontsailingclub.org/uploads/1/2/1/7/121713382/img-0173_orig.jpg
.jpg,www.fremontsailingclub.org,1,https://www.fremontsailingclub.org/uploads/1/2/1/7/121713382/img-0174.jpg
.jpg,www.fremontsailingclub.org,1,https://www.fremontsailingclub.org/uploads/1/2/1/7/121713382/img-0174_orig.jpg
.jpg,www.fremontsailingclub.org,1,https://www.fremontsailingclub.org/uploads/1/2/1/7/121713382/img-0175.jpg
.jpg,www.fremontsailingclub.org,1,https://www.fremontsailingclub.org/uploads/1/2/1/7/121713382/img-0175_orig.jpg
.jpg,www.fremontsailingclub.org,1,https://www.fremontsailingclub.org/uploads/1/2/1/7/121713382/img-0176.jpg
.jpg,www.fremontsailingclub.org,1,https://www.fremontsailingclub.org/uploads/1/2/1/7/121713382/img-0176_orig.jpg
.jpg,www.fremontsailingclub.org,1,https://www.fremontsailingclub.org/uploads/1/2/1/7/121713382/img-0177.jpg
.jpg,www.fremontsailingclub.org,1,https://www.fremontsailingclub.org/uploads/1/2/1/7/121713382/img-0177_orig.jpg
.jpg,www.fremontsailingclub.org,1,https://www.fremontsailingclub.org/uploads/1/2/1/7/121713382/img-0180.jpg
.jpg,www.fremontsailingclub.org,1,https://www.fremontsailingclub.org/uploads/1/2/1/7/121713382/img-0180_3.jpg
.jpg,www.fremontsailingclub.org,1,https://www.fremontsailingclub.org/uploads/1/2/1/7/121713382/img-0180_3_orig.jpg
.jpg,www.fremontsailingclub.org,1,https://www.fremontsailingclub.org/uploads/1/2/1/7/121713382/img-0180_orig.jpg
.jpg,www.fremontsailingclub.org,1,https://www.fremontsailingclub.org/uploads/1/2/1/7/121713382/img-0181.jpg
.jpg,www.fremontsailingclub.org,1,https://www.fremontsailingclub.org/uploads/1/2/1/7/121713382/img-0181_orig.jpg
.jpg,www.fremontsailingclub.org,1,https://www.fremontsailingclub.org/uploads/1/2/1/7/121713382/img-0185.jpg
.jpg,www.fremontsailingclub.org,1,https://www.fremontsailingclub.org/uploads/1/2/1/7/121713382/img-0185_orig.jpg
.jpg,www.fremontsailingclub.org,1,https://www.fremontsailingclub.org/uploads/1/2/1/7/121713382/img-0188.jpg
.jpg,www.fremontsailingclub.org,1,https://www.fremontsailingclub.org/uploads/1/2/1/7/121713382/img-0188_orig.jpg
.jpg,www.fremontsailingclub.org,1,https://www.fremontsailingclub.org/uploads/1/2/1/7/121713382/img-0190.jpg
.jpg,www.fremontsailingclub.org,1,https://www.fremontsailingclub.org/uploads/1/2/1/7/121713382/img-0190_orig.jpg
.jpg,www.fremontsailingclub.org,1,https://www.fremontsailingclub.org/uploads/1/2/1/7/121713382/img-0191.jpg
.jpg,www.fremontsailingclub.org,1,https://www.fremontsailingclub.org/uploads/1/2/1/7/121713382/img-0191_orig.jpg
.jpg,www.fremontsailingclub.org,1,https://www.fremontsailingclub.org/uploads/1/2/1/7/121713382/img-0193.jpg
.jpg,www.fremontsailingclub.org,1,https://www.fremontsailingclub.org/uploads/1/2/1/7/121713382/img-0193_orig.jpg
.jpg,www.fremontsailingclub.org,1,https://www.fremontsailingclub.org/uploads/1/2/1/7/121713382/img-0194.jpg
.jpg,www.fremontsailingclub.org,1,https://www.fremontsailingclub.org/uploads/1/2/1/7/121713382/img-0194_orig.jpg
.jpg,www.fremontsailingclub.org,1,https://www.fremontsailingclub.org/uploads/1/2/1/7/121713382/img-0195.jpg
.jpg,www.fremontsailingclub.org,1,https://www.fremontsailingclub.org/uploads/1/2/1/7/121713382/img-0195_orig.jpg
.jpg,www.fremontsailingclub.org,1,https://www.fremontsailingclub.org/uploads/1/2/1/7/121713382/img-0198.jpg
.jpg,www.fremontsailingclub.org,1,https://www.fremontsailingclub.org/uploads/1/2/1/7/121713382/img-0198_orig.jpg
.jpg,www.fremontsailingclub.org,1,https://www.fremontsailingclub.org/uploads/1/2/1/7/121713382/img-0199.jpg
.jpg,www.fremontsailingclub.org,1,https://www.fremontsailingclub.org/uploads/1/2/1/7/121713382/img-0199_orig.jpg
.jpg,www.fremontsailingclub.org,1,https://www.fremontsailingclub.org/uploads/1/2/1/7/121713382/img-0200.jpg
.jpg,www.fremontsailingclub.org,1,https://www.fremontsailingclub.org/uploads/1/2/1/7/121713382/img-0200_orig.jpg
.jpg,www.fremontsailingclub.org,1,https://www.fremontsailingclub.org/uploads/1/2/1/7/121713382/img-0201.jpg
.jpg,www.fremontsailingclub.org,1,https://www.fremontsailingclub.org/uploads/1/2/1/7/121713382/img-0201_orig.jpg
.jpg,www.fremontsailingclub.org,1,https://www.fremontsailingclub.org/uploads/1/2/1/7/121713382/img-0202.jpg
.jpg,www.fremontsailingclub.org,1,https://www.fremontsailingclub.org/uploads/1/2/1/7/121713382/img-0202_orig.jpg
.jpg,www.fremontsailingclub.org,1,https://www.fremontsailingclub.org/uploads/1/2/1/7/121713382/img-0203.jpg
.jpg,www.fremontsailingclub.org,1,https://www.fremontsailingclub.org/uploads/1/2/1/7/121713382/img-0203_orig.jpg
.jpg,www.fremontsailingclub.org,1,https://www.fremontsailingclub.org/uploads/1/2/1/7/121713382/img-0204.jpg
.jpg,www.fremontsailingclub.org,1,https://www.fremontsailingclub.org/uploads/1/2/1/7/121713382/img-0204_orig.jpg
.jpg,www.fremontsailingclub.org,1,https://www.fremontsailingclub.org/uploads/1/2/1/7/121713382/img-0205.jpg
.jpg,www.fremontsailingclub.org,1,https://www.fremontsailingclub.org/uploads/1/2/1/7/121713382/img-0205_orig.jpg
.jpg,www.fremontsailingclub.org,1,https://www.fremontsailingclub.org/uploads/1/2/1/7/121713382/img-0206.jpg
.jpg,www.fremontsailingclub.org,1,https://www.fremontsailingclub.org/uploads/1/2/1/7/121713382/img-0206_orig.jpg
.jpg,www.fremontsailingclub.org,1,https://www.fremontsailingclub.org/uploads/1/2/1/7/121713382/img-0207.jpg
.jpg,www.fremontsailingclub.org,1,https://www.fremontsailingclub.org/uploads/1/2/1/7/121713382/img-0207_orig.jpg
.jpg,www.fremontsailingclub.org,1,https://www.fremontsailingclub.org/uploads/1/2/1/7/121713382/img-0208.jpg
.jpg,www.fremontsailingclub.org,1,https://www.fremontsailingclub.org/uploads/1/2/1/7/121713382/img-0208_orig.jpg
.jpg,www.fremontsailingclub.org,1,https://www.fremontsailingclub.org/uploads/1/2/1/7/121713382/img-0209.jpg
.jpg,www.fremontsailingclub.org,1,https://www.fremontsailingclub.org/uploads/1/2/1/7/121713382/img-0209_orig.jpg
.jpg,www.fremontsailingclub.org,1,https://www.fremontsailingclub.org/uploads/1/2/1/7/121713382/img-0210.jpg
.jpg,www.fremontsailingclub.org,1,https://www.fremontsailingclub.org/uploads/1/2/1/7/121713382/img-0210_orig.jpg
.jpg,www.fremontsailingclub.org,1,https://www.fremontsailingclub.org/uploads/1/2/1/7/121713382/img-0211.jpg
.jpg,www.fremontsailingclub.org,1,https://www.fremontsailingclub.org/uploads/1/2/1/7/121713382/img-0211_orig.jpg
.jpg,www.fremontsailingclub.org,1,https://www.fremontsailingclub.org/uploads/1/2/1/7/121713382/img-0212.jpg
.jpg,www.fremontsailingclub.org,1,https://www.fremontsailingclub.org/uploads/1/2/1/7/121713382/img-0212_orig.jpg
.jpg,www.fremontsailingclub.org,1,https://www.fremontsailingclub.org/uploads/1/2/1/7/121713382/img-0215.jpg
.jpg,www.fremontsailingclub.org,1,https://www.fremontsailingclub.org/uploads/1/2/1/7/121713382/img-0215_orig.jpg
.jpg,www.fremontsailingclub.org,1,https://www.fremontsailingclub.org/uploads/1/2/1/7/121713382/img-0216.jpg
.jpg,www.fremontsailingclub.org,1,https://www.fremontsailingclub.org/uploads/1/2/1/7/121713382/img-0216_orig.jpg
.jpg,www.fremontsailingclub.org,1,https://www.fremontsailingclub.org/uploads/1/2/1/7/121713382/img-0219.jpg
.jpg,www.fremontsailingclub.org,1,https://www.fremontsailingclub.org/uploads/1/2/1/7/121713382/img-0219_orig.jpg
.jpg,www.fremontsailingclub.org,1,https://www.fremontsailingclub.org/uploads/1/2/1/7/121713382/img-0220.jpg
.jpg,www.fremontsailingclub.org,1,https://www.fremontsailingclub.org/uploads/1/2/1/7/121713382/img-0220_orig.jpg
.jpg,www.fremontsailingclub.org,1,https://www.fremontsailingclub.org/uploads/1/2/1/7/121713382/img-0221.jpg
.jpg,www.fremontsailingclub.org,1,https://www.fremontsailingclub.org/uploads/1/2/1/7/121713382/img-0221_orig.jpg
.jpg,www.fremontsailingclub.org,1,https://www.fremontsailingclub.org/uploads/1/2/1/7/121713382/img-0222_1.jpg
.jpg,www.fremontsailingclub.org,1,https://www.fremontsailingclub.org/uploads/1/2/1/7/121713382/img-0222_1_orig.jpg
.jpg,www.fremontsailingclub.org,1,https://www.fremontsailingclub.org/uploads/1/2/1/7/121713382/img-0224.jpg
.jpg,www.fremontsailingclub.org,1,https://www.fremontsailingclub.org/uploads/1/2/1/7/121713382/img-0224_orig.jpg
.jpg,www.fremontsailingclub.org,1,https://www.fremontsailingclub.org/uploads/1/2/1/7/121713382/img-0225.jpg
.jpg,www.fremontsailingclub.org,1,https://www.fremontsailingclub.org/uploads/1/2/1/7/121713382/img-0225_orig.jpg
.jpg,www.fremontsailingclub.org,1,https://www.fremontsailingclub.org/uploads/1/2/1/7/121713382/img-0227.jpg
.jpg,www.fremontsailingclub.org,1,https://www.fremontsailingclub.org/uploads/1/2/1/7/121713382/img-0227_orig.jpg
.jpg,www.fremontsailingclub.org,1,https://www.fremontsailingclub.org/uploads/1/2/1/7/121713382/img-0228.jpg
.jpg,www.fremontsailingclub.org,1,https://www.fremontsailingclub.org/uploads/1/2/1/7/121713382/img-0228_3.jpg
.jpg,www.fremontsailingclub.org,1,https://www.fremontsailingclub.org/uploads/1/2/1/7/121713382/img-0228_3_orig.jpg
.jpg,www.fremontsailingclub.org,1,https://www.fremontsailingclub.org/uploads/1/2/1/7/121713382/img-0228_orig.jpg
.jpg,www.fremontsailingclub.org,1,https://www.fremontsailingclub.org/uploads/1/2/1/7/121713382/img-0229.jpg
.jpg,www.fremontsailingclub.org,1,https://www.fremontsailingclub.org/uploads/1/2/1/7/121713382/img-0229_3.jpg
.jpg,www.fremontsailingclub.org,1,https://www.fremontsailingclub.org/uploads/1/2/1/7/121713382/img-0229_3_orig.jpg
.jpg,www.fremontsailingclub.org,1,https://www.fremontsailingclub.org/uploads/1/2/1/7/121713382/img-0229_orig.jpg
.jpg,www.fremontsailingclub.org,1,https://www.fremontsailingclub.org/uploads/1/2/1/7/121713382/img-0230.jpg
.jpg,www.fremontsailingclub.org,1,https://www.fremontsailingclub.org/uploads/1/2/1/7/121713382/img-0230_orig.jpg
.jpg,www.fremontsailingclub.org,1,https://www.fremontsailingclub.org/uploads/1/2/1/7/121713382/img-0231.jpg
.jpg,www.fremontsailingclub.org,1,https://www.fremontsailingclub.org/uploads/1/2/1/7/121713382/img-0231_orig.jpg
.jpg,www.fremontsailingclub.org,1,https://www.fremontsailingclub.org/uploads/1/2/1/7/121713382/img-0232.jpg
.jpg,www.fremontsailingclub.org,1,https://www.fremontsailingclub.org/uploads/1/2/1/7/121713382/img-0232_orig.jpg
.jpg,www.fremontsailingclub.org,1,https://www.fremontsailingclub.org/uploads/1/2/1/7/121713382/img-0233.jpg
.jpg,www.fremontsailingclub.org,1,https://www.fremontsailingclub.org/uploads/1/2/1/7/121713382/img-0233_3.jpg
.jpg,www.fremontsailingclub.org,1,https://www.fremontsailingclub.org/uploads/1/2/1/7/121713382/img-0233_3_orig.jpg
.jpg,www.fremontsailingclub.org,1,https://www.fremontsailingclub.org/uploads/1/2/1/7/121713382/img-0233_orig.jpg
.jpg,www.fremontsailingclub.org,1,https://www.fremontsailingclub.org/uploads/1/2/1/7/121713382/img-0235.jpg
.jpg,www.fremontsailingclub.org,1,https://www.fremontsailingclub.org/uploads/1/2/1/7/121713382/img-0235_orig.jpg
.jpg,www.fremontsailingclub.org,1,https://www.fremontsailingclub.org/uploads/1/2/1/7/121713382/img-0237.jpg
.jpg,www.fremontsailingclub.org,1,https://www.fremontsailingclub.org/uploads/1/2/1/7/121713382/img-0237_orig.jpg
.jpg,www.fremontsailingclub.org,1,https://www.fremontsailingclub.org/uploads/1/2/1/7/121713382/img-0238.jpg
.jpg,www.fremontsailingclub.org,1,https://www.fremontsailingclub.org/uploads/1/2/1/7/121713382/img-0238_orig.jpg
.jpg,www.fremontsailingclub.org,1,https://www.fremontsailingclub.org/uploads/1/2/1/7/121713382/img-0239.jpg
.jpg,www.fremontsailingclub.org,1,https://www.fremontsailingclub.org/uploads/1/2/1/7/121713382/img-0239_orig.jpg
.jpg,www.fremontsailingclub.org,1,https://www.fremontsailingclub.org/uploads/1/2/1/7/121713382/img-0250_1.jpg
.jpg,www.fremontsailingclub.org,1,https://www.fremontsailingclub.org/uploads/1/2/1/7/121713382/img-0250_1_orig.jpg
.jpg,www.fremontsailingclub.org,1,https://www.fremontsailingclub.org/uploads/1/2/1/7/121713382/img-0254_1.jpg
.jpg,www.fremontsailingclub.org,1,https://www.fremontsailingclub.org/uploads/1/2/1/7/121713382/img-0254_1_orig.jpg
.jpg,www.fremontsailingclub.org,1,https://www.fremontsailingclub.org/uploads/1/2/1/7/121713382/img-0255_1.jpg
.jpg,www.fremontsailingclub.org,1,https://www.fremontsailingclub.org/uploads/1/2/1/7/121713382/img-0255_1_orig.jpg
.jpg,www.fremontsailingclub.org,1,https://www.fremontsailingclub.org/uploads/1/2/1/7/121713382/img-0256_1.jpg
.jpg,www.fremontsailingclub.org,1,https://www.fremontsailingclub.org/uploads/1/2/1/7/121713382/img-0256_1_orig.jpg
.jpg,www.fremontsailingclub.org,1,https://www.fremontsailingclub.org/uploads/1/2/1/7/121713382/img-0271_1.jpg
.jpg,www.fremontsailingclub.org,1,https://www.fremontsailingclub.org/uploads/1/2/1/7/121713382/img-0271_1_orig.jpg
.jpg,www.fremontsailingclub.org,1,https://www.fremontsailingclub.org/uploads/1/2/1/7/121713382/img-0346_1.jpg
.jpg,www.fremontsailingclub.org,1,https://www.fremontsailingclub.org/uploads/1/2/1/7/121713382/img-0346_1_orig.jpg
.jpg,www.fremontsailingclub.org,1,https://www.fremontsailingclub.org/uploads/1/2/1/7/121713382/img-20190519-150932457-hdr.jpg
.jpg,www.fremontsailingclub.org,1,https://www.fremontsailingclub.org/uploads/1/2/1/7/121713382/img-20190519-150932457-hdr_orig.jpg
.jpg,www.fremontsailingclub.org,1,https://www.fremontsailingclub.org/uploads/1/2/1/7/121713382/img-20190519-151523073.jpg
.jpg,www.fremontsailingclub.org,1,https://www.fremontsailingclub.org/uploads/1/2/1/7/121713382/img-20190519-151523073_orig.jpg
.jpg,www.fremontsailingclub.org,1,https://www.fremontsailingclub.org/uploads/1/2/1/7/121713382/img-20190519-152341383.jpg
.jpg,www.fremontsailingclub.org,1,https://www.fremontsailingclub.org/uploads/1/2/1/7/121713382/img-20190519-152341383_orig.jpg
.jpg,www.fremontsailingclub.org,1,https://www.fremontsailingclub.org/uploads/1/2/1/7/121713382/img-20190519-152738176-burst000-cover.jpg
.jpg,www.fremontsailingclub.org,1,https://www.fremontsailingclub.org/uploads/1/2/1/7/121713382/img-20190519-152738176-burst000-cover_orig.jpg
.jpg,www.fremontsailingclub.org,1,https://www.fremontsailingclub.org/uploads/1/2/1/7/121713382/img-20190519-164709060-hdr.jpg
.jpg,www.fremontsailingclub.org,1,https://www.fremontsailingclub.org/uploads/1/2/1/7/121713382/img-20190519-164709060-hdr_orig.jpg
.jpg,www.fremontsailingclub.org,1,https://www.fremontsailingclub.org/uploads/1/2/1/7/121713382/img-20190519-164727970.jpg
.jpg,www.fremontsailingclub.org,1,https://www.fremontsailingclub.org/uploads/1/2/1/7/121713382/img-20190519-164727970_orig.jpg
.jpg,www.fremontsailingclub.org,1,https://www.fremontsailingclub.org/uploads/1/2/1/7/121713382/img-20190519-164811725.jpg
.jpg,www.fremontsailingclub.org,1,https://www.fremontsailingclub.org/uploads/1/2/1/7/121713382/img-20190519-164811725_orig.jpg
.jpg,www.fremontsailingclub.org,1,https://www.fremontsailingclub.org/uploads/1/2/1/7/121713382/img-20190519-164844177.jpg
.jpg,www.fremontsailingclub.org,1,https://www.fremontsailingclub.org/uploads/1/2/1/7/121713382/img-20190519-164844177_orig.jpg
.jpg,www.fremontsailingclub.org,1,https://www.fremontsailingclub.org/uploads/1/2/1/7/121713382/img-20190519-164903901-hdr.jpg
.jpg,www.fremontsailingclub.org,1,https://www.fremontsailingclub.org/uploads/1/2/1/7/121713382/img-20190519-164903901-hdr_orig.jpg
.jpg,www.fremontsailingclub.org,1,https://www.fremontsailingclub.org/uploads/1/2/1/7/121713382/img-8233.jpg
.jpg,www.fremontsailingclub.org,1,https://www.fremontsailingclub.org/uploads/1/2/1/7/121713382/img-8233_orig.jpg
.jpg,www.fremontsailingclub.org,1,https://www.fremontsailingclub.org/uploads/1/2/1/7/121713382/img-8237.jpg
.jpg,www.fremontsailingclub.org,1,https://www.fremontsailingclub.org/uploads/1/2/1/7/121713382/img-8237_orig.jpg
.jpg,www.fremontsailingclub.org,1,https://www.fremontsailingclub.org/uploads/1/2/1/7/121713382/img-8250.jpg
.jpg,www.fremontsailingclub.org,1,https://www.fremontsailingclub.org/uploads/1/2/1/7/121713382/img-8250_orig.jpg
.jpg,www.fremontsailingclub.org,1,https://www.fremontsailingclub.org/uploads/1/2/1/7/121713382/img-8258.jpg
.jpg,www.fremontsailingclub.org,1,https://www.fremontsailingclub.org/uploads/1/2/1/7/121713382/img-8258_orig.jpg
.jpg,www.fremontsailingclub.org,1,https://www.fremontsailingclub.org/uploads/1/2/1/7/121713382/img-8259.jpg
.jpg,www.fremontsailingclub.org,1,https://www.fremontsailingclub.org/uploads/1/2/1/7/121713382/img-8259_orig.jpg
.jpg,www.fremontsailingclub.org,1,https://www.fremontsailingclub.org/uploads/1/2/1/7/121713382/img-8261_2.jpg
.jpg,www.fremontsailingclub.org,1,https://www.fremontsailingclub.org/uploads/1/2/1/7/121713382/img-8261_2_orig.jpg
.jpg,www.fremontsailingclub.org,1,https://www.fremontsailingclub.org/uploads/1/2/1/7/121713382/img-8263.jpg
.jpg,www.fremontsailingclub.org,1,https://www.fremontsailingclub.org/uploads/1/2/1/7/121713382/img-8263_orig.jpg
.jpg,www.fremontsailingclub.org,1,https://www.fremontsailingclub.org/uploads/1/2/1/7/121713382/img-8267.jpg
.jpg,www.fremontsailingclub.org,1,https://www.fremontsailingclub.org/uploads/1/2/1/7/121713382/img-8267_orig.jpg
.jpg,www.fremontsailingclub.org,1,https://www.fremontsailingclub.org/uploads/1/2/1/7/121713382/img-8281.jpg
.jpg,www.fremontsailingclub.org,1,https://www.fremontsailingclub.org/uploads/1/2/1/7/121713382/img-8281_orig.jpg
.jpg,www.fremontsailingclub.org,1,https://www.fremontsailingclub.org/uploads/1/2/1/7/121713382/img-8284.jpg
.jpg,www.fremontsailingclub.org,1,https://www.fremontsailingclub.org/uploads/1/2/1/7/121713382/img-8284_orig.jpg
.jpg,www.fremontsailingclub.org,1,https://www.fremontsailingclub.org/uploads/1/2/1/7/121713382/img-8287.jpg
.jpg,www.fremontsailingclub.org,1,https://www.fremontsailingclub.org/uploads/1/2/1/7/121713382/img-8287_orig.jpg
.jpg,www.fremontsailingclub.org,1,https://www.fremontsailingclub.org/uploads/1/2/1/7/121713382/img-8288.jpg
.jpg,www.fremontsailingclub.org,1,https://www.fremontsailingclub.org/uploads/1/2/1/7/121713382/img-8288_orig.jpg
.jpg,www.fremontsailingclub.org,1,https://www.fremontsailingclub.org/uploads/1/2/1/7/121713382/img-8290.jpg
.jpg,www.fremontsailingclub.org,1,https://www.fremontsailingclub.org/uploads/1/2/1/7/121713382/img-8290_orig.jpg
.jpg,www.fremontsailingclub.org,1,https://www.fremontsailingclub.org/uploads/1/2/1/7/121713382/img-8291.jpg
.jpg,www.fremontsailingclub.org,1,https://www.fremontsailingclub.org/uploads/1/2/1/7/121713382/img-8291_orig.jpg
.jpg,www.fremontsailingclub.org,1,https://www.fremontsailingclub.org/uploads/1/2/1/7/121713382/img-8297.jpg
.jpg,www.fremontsailingclub.org,1,https://www.fremontsailingclub.org/uploads/1/2/1/7/121713382/img-8297_orig.jpg
.jpg,www.fremontsailingclub.org,1,https://www.fremontsailingclub.org/uploads/1/2/1/7/121713382/img-8298.jpg
.jpg,www.fremontsailingclub.org,1,https://www.fremontsailingclub.org/uploads/1/2/1/7/121713382/img-8298_orig.jpg
.jpg,www.fremontsailingclub.org,1,https://www.fremontsailingclub.org/uploads/1/2/1/7/121713382/img-8304.jpg
.jpg,www.fremontsailingclub.org,1,https://www.fremontsailingclub.org/uploads/1/2/1/7/121713382/img-8304_orig.jpg
.jpg,www.fremontsailingclub.org,1,https://www.fremontsailingclub.org/uploads/1/2/1/7/121713382/img-8306.jpg
.jpg,www.fremontsailingclub.org,1,https://www.fremontsailingclub.org/uploads/1/2/1/7/121713382/img-8306_orig.jpg
.jpg,www.fremontsailingclub.org,1,https://www.fremontsailingclub.org/uploads/1/2/1/7/121713382/img-8307.jpg
.jpg,www.fremontsailingclub.org,1,https://www.fremontsailingclub.org/uploads/1/2/1/7/121713382/img-8307_orig.jpg
.jpg,www.fremontsailingclub.org,1,https://www.fremontsailingclub.org/uploads/1/2/1/7/121713382/img-8308.jpg
.jpg,www.fremontsailingclub.org,1,https://www.fremontsailingclub.org/uploads/1/2/1/7/121713382/img-8308_orig.jpg
.jpg,www.fremontsailingclub.org,1,https://www.fremontsailingclub.org/uploads/1/2/1/7/121713382/img-8309.jpg
.jpg,www.fremontsailingclub.org,1,https://www.fremontsailingclub.org/uploads/1/2/1/7/121713382/img-8309_orig.jpg
.jpg,www.fremontsailingclub.org,1,https://www.fremontsailingclub.org/uploads/1/2/1/7/121713382/img-8310.jpg
.jpg,www.fremontsailingclub.org,1,https://www.fremontsailingclub.org/uploads/1/2/1/7/121713382/img-8310_orig.jpg
.jpg,www.fremontsailingclub.org,1,https://www.fremontsailingclub.org/uploads/1/2/1/7/121713382/img-8312.jpg
.jpg,www.fremontsailingclub.org,1,https://www.fremontsailingclub.org/uploads/1/2/1/7/121713382/img-8312_orig.jpg
.jpg,www.fremontsailingclub.org,1,https://www.fremontsailingclub.org/uploads/1/2/1/7/121713382/img-8313.jpg
.jpg,www.fremontsailingclub.org,1,https://www.fremontsailingclub.org/uploads/1/2/1/7/121713382/img-8313_orig.jpg
.jpg,www.fremontsailingclub.org,1,https://www.fremontsailingclub.org/uploads/1/2/1/7/121713382/img-8317.jpg
.jpg,www.fremontsailingclub.org,1,https://www.fremontsailingclub.org/uploads/1/2/1/7/121713382/img-8317_orig.jpg
.jpg,www.fremontsailingclub.org,1,https://www.fremontsailingclub.org/uploads/1/2/1/7/121713382/img-8318.jpg
.jpg,www.fremontsailingclub.org,1,https://www.fremontsailingclub.org/uploads/1/2/1/7/121713382/img-8318_orig.jpg
.jpg,www.fremontsailingclub.org,1,https://www.fremontsailingclub.org/uploads/1/2/1/7/121713382/img-8319.jpg
.jpg,www.fremontsailingclub.org,1,https://www.fremontsailingclub.org/uploads/1/2/1/7/121713382/img-8319_orig.jpg
.jpg,www.fremontsailingclub.org,1,https://www.fremontsailingclub.org/uploads/1/2/1/7/121713382/img-8326.jpg
.jpg,www.fremontsailingclub.org,1,https://www.fremontsailingclub.org/uploads/1/2/1/7/121713382/img-8326_orig.jpg
.jpg,www.fremontsailingclub.org,1,https://www.fremontsailingclub.org/uploads/1/2/1/7/121713382/img-8328.jpg
.jpg,www.fremontsailingclub.org,1,https://www.fremontsailingclub.org/uploads/1/2/1/7/121713382/img-8328_orig.jpg
.jpg,www.fremontsailingclub.org,1,https://www.fremontsailingclub.org/uploads/1/2/1/7/121713382/img-8330.jpg
.jpg,www.fremontsailingclub.org,1,https://www.fremontsailingclub.org/uploads/1/2/1/7/121713382/img-8330_orig.jpg
.jpg,www.fremontsailingclub.org,1,https://www.fremontsailingclub.org/uploads/1/2/1/7/121713382/img-8334.jpg
.jpg,www.fremontsailingclub.org,1,https://www.fremontsailingclub.org/uploads/1/2/1/7/121713382/img-8334_orig.jpg
.jpg,www.fremontsailingclub.org,1,https://www.fremontsailingclub.org/uploads/1/2/1/7/121713382/img-8335.jpg
.jpg,www.fremontsailingclub.org,1,https://www.fremontsailingclub.org/uploads/1/2/1/7/121713382/img-8335_orig.jpg
.jpg,www.fremontsailingclub.org,1,https://www.fremontsailingclub.org/uploads/1/2/1/7/121713382/img-8338.jpg
.jpg,www.fremontsailingclub.org,1,https://www.fremontsailingclub.org/uploads/1/2/1/7/121713382/img-8338_orig.jpg
.jpg,www.fremontsailingclub.org,1,https://www.fremontsailingclub.org/uploads/1/2/1/7/121713382/img-8340.jpg
.jpg,www.fremontsailingclub.org,1,https://www.fremontsailingclub.org/uploads/1/2/1/7/121713382/img-8340_orig.jpg
.jpg,www.fremontsailingclub.org,1,https://www.fremontsailingclub.org/uploads/1/2/1/7/121713382/img-8341.jpg
.jpg,www.fremontsailingclub.org,1,https://www.fremontsailingclub.org/uploads/1/2/1/7/121713382/img-8341_orig.jpg
.jpg,www.fremontsailingclub.org,1,https://www.fremontsailingclub.org/uploads/1/2/1/7/121713382/img-8342.jpg
.jpg,www.fremontsailingclub.org,1,https://www.fremontsailingclub.org/uploads/1/2/1/7/121713382/img-8342_orig.jpg
.jpg,www.fremontsailingclub.org,1,https://www.fremontsailingclub.org/uploads/1/2/1/7/121713382/img-8343.jpg
.jpg,www.fremontsailingclub.org,1,https://www.fremontsailingclub.org/uploads/1/2/1/7/121713382/img-8343_orig.jpg
.jpg,www.fremontsailingclub.org,1,https://www.fremontsailingclub.org/uploads/1/2/1/7/121713382/img-8345.jpg
.jpg,www.fremontsailingclub.org,1,https://www.fremontsailingclub.org/uploads/1/2/1/7/121713382/img-8345_orig.jpg
.jpg,www.fremontsailingclub.org,1,https://www.fremontsailingclub.org/uploads/1/2/1/7/121713382/img-8348.jpg
.jpg,www.fremontsailingclub.org,1,https://www.fremontsailingclub.org/uploads/1/2/1/7/121713382/img-8348_orig.jpg
.jpg,www.fremontsailingclub.org,1,https://www.fremontsailingclub.org/uploads/1/2/1/7/121713382/img-8358.jpg
.jpg,www.fremontsailingclub.org,1,https://www.fremontsailingclub.org/uploads/1/2/1/7/121713382/img-8358_orig.jpg
.jpg,www.fremontsailingclub.org,1,https://www.fremontsailingclub.org/uploads/1/2/1/7/121713382/img-8364.jpg
.jpg,www.fremontsailingclub.org,1,https://www.fremontsailingclub.org/uploads/1/2/1/7/121713382/img-8364_orig.jpg
.jpg,www.fremontsailingclub.org,1,https://www.fremontsailingclub.org/uploads/1/2/1/7/121713382/img-8365.jpg
.jpg,www.fremontsailingclub.org,1,https://www.fremontsailingclub.org/uploads/1/2/1/7/121713382/img-8365_orig.jpg
.jpg,www.fremontsailingclub.org,1,https://www.fremontsailingclub.org/uploads/1/2/1/7/121713382/img-8367.jpg
.jpg,www.fremontsailingclub.org,1,https://www.fremontsailingclub.org/uploads/1/2/1/7/121713382/img-8367_orig.jpg
.jpg,www.fremontsailingclub.org,1,https://www.fremontsailingclub.org/uploads/1/2/1/7/121713382/img-8368.jpg
.jpg,www.fremontsailingclub.org,1,https://www.fremontsailingclub.org/uploads/1/2/1/7/121713382/img-8368_orig.jpg
.jpg,www.fremontsailingclub.org,1,https://www.fremontsailingclub.org/uploads/1/2/1/7/121713382/img-8371.jpg
.jpg,www.fremontsailingclub.org,1,https://www.fremontsailingclub.org/uploads/1/2/1/7/121713382/img-8371_orig.jpg
.jpg,www.fremontsailingclub.org,1,https://www.fremontsailingclub.org/uploads/1/2/1/7/121713382/img-8372.jpg
.jpg,www.fremontsailingclub.org,1,https://www.fremontsailingclub.org/uploads/1/2/1/7/121713382/img-8372_orig.jpg
.jpg,www.fremontsailingclub.org,1,https://www.fremontsailingclub.org/uploads/1/2/1/7/121713382/img-8373.jpg
.jpg,www.fremontsailingclub.org,1,https://www.fremontsailingclub.org/uploads/1/2/1/7/121713382/img-8373_orig.jpg
.jpg,www.fremontsailingclub.org,1,https://www.fremontsailingclub.org/uploads/1/2/1/7/121713382/img-8374.jpg
.jpg,www.fremontsailingclub.org,1,https://www.fremontsailingclub.org/uploads/1/2/1/7/121713382/img-8374_orig.jpg
.jpg,www.fremontsailingclub.org,1,https://www.fremontsailingclub.org/uploads/1/2/1/7/121713382/img-8375.jpg
.jpg,www.fremontsailingclub.org,1,https://www.fremontsailingclub.org/uploads/1/2/1/7/121713382/img-8375_orig.jpg
.jpg,www.fremontsailingclub.org,1,https://www.fremontsailingclub.org/uploads/1/2/1/7/121713382/img-8376.jpg
.jpg,www.fremontsailingclub.org,1,https://www.fremontsailingclub.org/uploads/1/2/1/7/121713382/img-8376_orig.jpg
.jpg,www.fremontsailingclub.org,1,https://www.fremontsailingclub.org/uploads/1/2/1/7/121713382/img-8416.jpg
.jpg,www.fremontsailingclub.org,1,https://www.fremontsailingclub.org/uploads/1/2/1/7/121713382/img-8416_orig.jpg
.png,www.fremontsailingclub.org,1,https://www.fremontsailingclub.org/uploads/1/2/1/7/121713382/published/el-toro-fleet-overall-title-logo.png?1560113667
.png,www.fremontsailingclub.org,1,https://www.fremontsailingclub.org/uploads/1/2/1/7/121713382/published/june-23-2019-spring-789-race-results-lido.png?1561920243
.png,www.fremontsailingclub.org,1,https://www.fremontsailingclub.org/uploads/1/2/1/7/121713382/published/screen-shot-2019-05-19-at-8-33-33-pm_1.png?1558801984
.png,www.fremontsailingclub.org,1,https://www.fremontsailingclub.org/uploads/1/2/1/7/121713382/published/screen-shot-2019-05-19-at-8-34-12-pm_2.png?1558360189
.jpg,www.fremontsailingclub.org,1,https://www.fremontsailingclub.org/uploads/1/2/1/7/121713382/published/tropies.jpg?1560105413
.png,www.fremontsailingclub.org,1,https://www.fremontsailingclub.org/uploads/1/2/1/7/121713382/screen-shot-2019-05-19-at-8-07-22-pm_orig.png
.png,www.fremontsailingclub.org,1,https://www.fremontsailingclub.org/uploads/1/2/1/7/121713382/screen-shot-2019-05-19-at-8-33-33-pm_orig.png
.png,www.fremontsailingclub.org,1,https://www.fremontsailingclub.org/uploads/1/2/1/7/121713382/screen-shot-2019-05-19-at-8-33-43-pm_1_orig.png
.png,www.fremontsailingclub.org,1,https://www.fremontsailingclub.org/uploads/1/2/1/7/121713382/screen-shot-2019-05-19-at-8-33-50-pm_1_orig.png
.png,www.fremontsailingclub.org,1,https://www.fremontsailingclub.org/uploads/1/2/1/7/121713382/screen-shot-2019-05-19-at-8-33-59-pm_orig.png
.png,www.fremontsailingclub.org,1,https://www.fremontsailingclub.org/uploads/1/2/1/7/121713382/screen-shot-2019-05-22-at-6-07-37-pm_orig.png
.png,www.fremontsailingclub.org,1,https://www.fremontsailingclub.org/uploads/1/2/1/7/121713382/screen-shot-2019-05-22-at-6-11-11-pm_orig.png
.png,www.fremontsailingclub.org,1,https://www.fremontsailingclub.org/uploads/1/2/1/7/121713382/screen-shot-2019-07-05-at-8-05-22-pm_1_orig.png
.jpeg,www.fremontsailingclub.org,1,https://www.fremontsailingclub.org/uploads/1/2/7/0/127071339/0925221107-film1-resized_orig.jpeg
.jpeg,www.fremontsailingclub.org,1,https://www.fremontsailingclub.org/uploads/1/2/7/0/127071339/0925221403-film1-resized_orig.jpeg
.jpeg,www.fremontsailingclub.org,1,https://www.fremontsailingclub.org/uploads/1/2/7/0/127071339/0925221403a-film1-resized.jpeg?250
.pdf,www.fremontsailingclub.org,1,https://www.fremontsailingclub.org/uploads/1/2/7/0/127071339/2021_fall_series_day_2.pdf
.jpeg,www.fremontsailingclub.org,1,https://www.fremontsailingclub.org/uploads/1/2/7/0/127071339/2024-01-18-chris-boome-s-newish-lido-2762.jpeg
.jpeg,www.fremontsailingclub.org,1,https://www.fremontsailingclub.org/uploads/1/2/7/0/127071339/2024-01-18-chris-boome-s-newish-lido-2762_orig.jpeg
.jpeg,www.fremontsailingclub.org,1,https://www.fremontsailingclub.org/uploads/1/2/7/0/127071339/2024-01-18-nice-weather-for-sailing.jpeg
.jpeg,www.fremontsailingclub.org,1,https://www.fremontsailingclub.org/uploads/1/2/7/0/127071339/2024-01-18-nice-weather-for-sailing_orig.jpeg
.jpeg,www.fremontsailingclub.org,1,https://www.fremontsailingclub.org/uploads/1/2/7/0/127071339/2024-01-18-russ-about-to-sail.jpeg
.jpeg,www.fremontsailingclub.org,1,https://www.fremontsailingclub.org/uploads/1/2/7/0/127071339/2024-01-18-russ-about-to-sail_orig.jpeg
.jpeg,www.fremontsailingclub.org,1,https://www.fremontsailingclub.org/uploads/1/2/7/0/127071339/2024-01-18-the-boatyard-after-the-races.jpeg
.jpeg,www.fremontsailingclub.org,1,https://www.fremontsailingclub.org/uploads/1/2/7/0/127071339/2024-01-18-the-boatyard-after-the-races_orig.jpeg
.pdf,www.fremontsailingclub.org,1,https://www.fremontsailingclub.org/uploads/1/2/7/0/127071339/2024-01_no_56_-_01_january_windjammer.pdf
.jpg,www.fremontsailingclub.org,1,https://www.fremontsailingclub.org/uploads/1/2/7/0/127071339/2024-04-09-pic-for-fsc-commodores-comments_orig.jpg
.pdf,www.fremontsailingclub.org,1,https://www.fremontsailingclub.org/uploads/1/2/7/0/127071339/2026_season_series_-_notice_of_race.pdf
.pdf,www.fremontsailingclub.org,1,https://www.fremontsailingclub.org/uploads/1/2/7/0/127071339/2026_season_series_-_sailing_instructions.pdf
.jpg,www.fremontsailingclub.org,1,https://www.fremontsailingclub.org/uploads/1/2/7/0/127071339/clear-ahead_orig.jpg
.png,www.fremontsailingclub.org,1,https://www.fremontsailingclub.org/uploads/1/2/7/0/127071339/courselmid-1_orig.png
.jpg,www.fremontsailingclub.org,1,https://www.fremontsailingclub.org/uploads/1/2/7/0/127071339/edited/leeward-mark.jpg?1742505378
.png,www.fremontsailingclub.org,1,https://www.fremontsailingclub.org/uploads/1/2/7/0/127071339/editor/1200px-us-sailing-logo-svg.png?1568558305
.png,www.fremontsailingclub.org,1,https://www.fremontsailingclub.org/uploads/1/2/7/0/127071339/editor/1200px-world-sailing-logo-svg.png?1568560695
.jpeg,www.fremontsailingclub.org,1,https://www.fremontsailingclub.org/uploads/1/2/7/0/127071339/editor/baads-logo.jpeg?1568561037
.png,www.fremontsailingclub.org,1,https://www.fremontsailingclub.org/uploads/1/2/7/0/127071339/editor/fj-sketch.png?1568560877
.jpg,www.fremontsailingclub.org,1,https://www.fremontsailingclub.org/uploads/1/2/7/0/127071339/editor/img-5763-copy.jpg?1623635344
.png,www.fremontsailingclub.org,1,https://www.fremontsailingclub.org/uploads/1/2/7/0/127071339/editor/lido14.png?1568558905
.jpg,www.fremontsailingclub.org,1,https://www.fremontsailingclub.org/uploads/1/2/7/0/127071339/editor/marine-traffic.jpg?1568557042
.png,www.fremontsailingclub.org,1,https://www.fremontsailingclub.org/uploads/1/2/7/0/127071339/editor/noaa.png?1568559603
.jpeg,www.fremontsailingclub.org,1,https://www.fremontsailingclub.org/uploads/1/2/7/0/127071339/editor/nws.jpeg?1568561124
.png,www.fremontsailingclub.org,1,https://www.fremontsailingclub.org/uploads/1/2/7/0/127071339/editor/pressure-drop.png?1568592497
.jpg,www.fremontsailingclub.org,1,https://www.fremontsailingclub.org/uploads/1/2/7/0/127071339/editor/pysf.jpg?1632797692
.jpg,www.fremontsailingclub.org,1,https://www.fremontsailingclub.org/uploads/1/2/7/0/127071339/editor/ryc-logo.jpg?1568684228
.jpeg,www.fremontsailingclub.org,1,https://www.fremontsailingclub.org/uploads/1/2/7/0/127071339/editor/sailing-anarchy-logo.jpeg?1568593279
.png,www.fremontsailingclub.org,1,https://www.fremontsailingclub.org/uploads/1/2/7/0/127071339/editor/screen-shot-2019-06-09-at-1-24-10-pm_2.png
.png,www.fremontsailingclub.org,1,https://www.fremontsailingclub.org/uploads/1/2/7/0/127071339/editor/screen-shot-2019-09-15-at-12-41-43-pm.png?1632797703
.png,www.fremontsailingclub.org,1,https://www.fremontsailingclub.org/uploads/1/2/7/0/127071339/editor/screen-shot-2019-09-15-at-12-46-46-pm.png?1632797712
.png,www.fremontsailingclub.org,1,https://www.fremontsailingclub.org/uploads/1/2/7/0/127071339/editor/screen-shot-2019-09-15-at-6-11-52-am.png?1568557016
.png,www.fremontsailingclub.org,1,https://www.fremontsailingclub.org/uploads/1/2/7/0/127071339/editor/screen-shot-2019-09-15-at-6-48-04-am.png?1738975679
.png,www.fremontsailingclub.org,1,https://www.fremontsailingclub.org/uploads/1/2/7/0/127071339/editor/screen-shot-2021-07-23-at-7-05-21-am.png?1627049156
.jpg,www.fremontsailingclub.org,1,https://www.fremontsailingclub.org/uploads/1/2/7/0/127071339/editor/scuttlebutt.jpg?1568593245
.jpg,www.fremontsailingclub.org,1,https://www.fremontsailingclub.org/uploads/1/2/7/0/127071339/editor/shoreline-lake-header.jpg?1703964049
.png,www.fremontsailingclub.org,1,https://www.fremontsailingclub.org/uploads/1/2/7/0/127071339/editor/sunfish.png?1568558902
.png,www.fremontsailingclub.org,1,https://www.fremontsailingclub.org/uploads/1/2/7/0/127071339/editor/toroshovel.png?1568560887
.jpg,www.fremontsailingclub.org,1,https://www.fremontsailingclub.org/uploads/1/2/7/0/127071339/editor/westmarinelogo.jpg?1568581189
.jpg,www.fremontsailingclub.org,1,https://www.fremontsailingclub.org/uploads/1/2/7/0/127071339/editor/yra-web-logo-blbkgrnd.jpg?1568560685
.png,www.fremontsailingclub.org,1,https://www.fremontsailingclub.org/uploads/1/2/7/0/127071339/el-toro_1.png
.jpeg,www.fremontsailingclub.org,1,https://www.fremontsailingclub.org/uploads/1/2/7/0/127071339/f25306e3-1edc-451a-a35d-96e14f0c8060-1_orig.jpeg
.pdf,www.fremontsailingclub.org,1,https://www.fremontsailingclub.org/uploads/1/2/7/0/127071339/fall_2023_2.pdf
.jpg,www.fremontsailingclub.org,1,https://www.fremontsailingclub.org/uploads/1/2/7/0/127071339/finish_orig.jpg
.jpg,www.fremontsailingclub.org,1,https://www.fremontsailingclub.org/uploads/1/2/7/0/127071339/first-beat_orig.jpg
.jpg,www.fremontsailingclub.org,1,https://www.fremontsailingclub.org/uploads/1/2/7/0/127071339/fj-cropped_orig.jpg
.png,www.fremontsailingclub.org,1,https://www.fremontsailingclub.org/uploads/1/2/7/0/127071339/fsc-flag-copy-1-9_13.png
.png,www.fremontsailingclub.org,1,https://www.fremontsailingclub.org/uploads/1/2/7/0/127071339/fsc-flag-copy-1-9_14.png
.png,www.fremontsailingclub.org,1,https://www.fremontsailingclub.org/uploads/1/2/7/0/127071339/fsc-flag-copy-1-9_19.png
.png,www.fremontsailingclub.org,1,https://www.fremontsailingclub.org/uploads/1/2/7/0/127071339/fsc-flag-copy-1-9_20.png
.pdf,www.fremontsailingclub.org,1,https://www.fremontsailingclub.org/uploads/1/2/7/0/127071339/fsc_2021_fall_789.pdf
.jpeg,www.fremontsailingclub.org,1,https://www.fremontsailingclub.org/uploads/1/2/7/0/127071339/gooseneck-orig_orig.jpeg
.webp,www.fremontsailingclub.org,1,https://www.fremontsailingclub.org/uploads/1/2/7/0/127071339/guide-logo_orig.webp
.jpg,www.fremontsailingclub.org,1,https://www.fremontsailingclub.org/uploads/1/2/7/0/127071339/img-1316_orig.jpg
.jpg,www.fremontsailingclub.org,1,https://www.fremontsailingclub.org/uploads/1/2/7/0/127071339/img-5728es-copy.jpg
.jpg,www.fremontsailingclub.org,1,https://www.fremontsailingclub.org/uploads/1/2/7/0/127071339/img-5728es-copy_orig.jpg
.jpg,www.fremontsailingclub.org,1,https://www.fremontsailingclub.org/uploads/1/2/7/0/127071339/img-5729e-small-copy.jpg
.jpg,www.fremontsailingclub.org,1,https://www.fremontsailingclub.org/uploads/1/2/7/0/127071339/img-5729e-small-copy_orig.jpg
.jpg,www.fremontsailingclub.org,1,https://www.fremontsailingclub.org/uploads/1/2/7/0/127071339/img-5730e2small-copy.jpg
.jpg,www.fremontsailingclub.org,1,https://www.fremontsailingclub.org/uploads/1/2/7/0/127071339/img-5730e2small-copy_orig.jpg
.jpg,www.fremontsailingclub.org,1,https://www.fremontsailingclub.org/uploads/1/2/7/0/127071339/img-5732es-copy.jpg
.jpg,www.fremontsailingclub.org,1,https://www.fremontsailingclub.org/uploads/1/2/7/0/127071339/img-5732es-copy_orig.jpg
.jpg,www.fremontsailingclub.org,1,https://www.fremontsailingclub.org/uploads/1/2/7/0/127071339/img-5733es-copy.jpg
.jpg,www.fremontsailingclub.org,1,https://www.fremontsailingclub.org/uploads/1/2/7/0/127071339/img-5733es-copy_orig.jpg
.jpg,www.fremontsailingclub.org,1,https://www.fremontsailingclub.org/uploads/1/2/7/0/127071339/img-5736-copy.jpg
.jpg,www.fremontsailingclub.org,1,https://www.fremontsailingclub.org/uploads/1/2/7/0/127071339/img-5736-copy_orig.jpg
.jpg,www.fremontsailingclub.org,1,https://www.fremontsailingclub.org/uploads/1/2/7/0/127071339/img-5737esmall-copy.jpg
.jpg,www.fremontsailingclub.org,1,https://www.fremontsailingclub.org/uploads/1/2/7/0/127071339/img-5737esmall-copy_orig.jpg
.jpg,www.fremontsailingclub.org,1,https://www.fremontsailingclub.org/uploads/1/2/7/0/127071339/img-5738usethisone.jpg
.jpg,www.fremontsailingclub.org,1,https://www.fremontsailingclub.org/uploads/1/2/7/0/127071339/img-5738usethisone_orig.jpg
.jpg,www.fremontsailingclub.org,1,https://www.fremontsailingclub.org/uploads/1/2/7/0/127071339/img-5739-copy.jpg
.jpg,www.fremontsailingclub.org,1,https://www.fremontsailingclub.org/uploads/1/2/7/0/127071339/img-5739-copy_orig.jpg
.jpg,www.fremontsailingclub.org,1,https://www.fremontsailingclub.org/uploads/1/2/7/0/127071339/img-5740-copy.jpg
.jpg,www.fremontsailingclub.org,1,https://www.fremontsailingclub.org/uploads/1/2/7/0/127071339/img-5740-copy_orig.jpg
.jpg,www.fremontsailingclub.org,1,https://www.fremontsailingclub.org/uploads/1/2/7/0/127071339/img-5742-copy.jpg
.jpg,www.fremontsailingclub.org,1,https://www.fremontsailingclub.org/uploads/1/2/7/0/127071339/img-5742-copy_orig.jpg
.jpg,www.fremontsailingclub.org,1,https://www.fremontsailingclub.org/uploads/1/2/7/0/127071339/img-5743e-copy-use-this-one.jpg
.jpg,www.fremontsailingclub.org,1,https://www.fremontsailingclub.org/uploads/1/2/7/0/127071339/img-5743e-copy-use-this-one_orig.jpg
.jpg,www.fremontsailingclub.org,1,https://www.fremontsailingclub.org/uploads/1/2/7/0/127071339/img-5744-copy.jpg
.jpg,www.fremontsailingclub.org,1,https://www.fremontsailingclub.org/uploads/1/2/7/0/127071339/img-5744-copy_orig.jpg
.jpg,www.fremontsailingclub.org,1,https://www.fremontsailingclub.org/uploads/1/2/7/0/127071339/img-5746-copy.jpg
.jpg,www.fremontsailingclub.org,1,https://www.fremontsailingclub.org/uploads/1/2/7/0/127071339/img-5746-copy_orig.jpg
.jpg,www.fremontsailingclub.org,1,https://www.fremontsailingclub.org/uploads/1/2/7/0/127071339/img-5747-copy.jpg
.jpg,www.fremontsailingclub.org,1,https://www.fremontsailingclub.org/uploads/1/2/7/0/127071339/img-5747-copy_orig.jpg
.jpg,www.fremontsailingclub.org,1,https://www.fremontsailingclub.org/uploads/1/2/7/0/127071339/img-5748-copy.jpg
.jpg,www.fremontsailingclub.org,1,https://www.fremontsailingclub.org/uploads/1/2/7/0/127071339/img-5748-copy_orig.jpg
.jpg,www.fremontsailingclub.org,1,https://www.fremontsailingclub.org/uploads/1/2/7/0/127071339/img-5749-copy.jpg
.jpg,www.fremontsailingclub.org,1,https://www.fremontsailingclub.org/uploads/1/2/7/0/127071339/img-5749-copy_orig.jpg
.jpg,www.fremontsailingclub.org,1,https://www.fremontsailingclub.org/uploads/1/2/7/0/127071339/img-5758-copy.jpg
.jpg,www.fremontsailingclub.org,1,https://www.fremontsailingclub.org/uploads/1/2/7/0/127071339/img-5758-copy_orig.jpg
.jpg,www.fremontsailingclub.org,1,https://www.fremontsailingclub.org/uploads/1/2/7/0/127071339/img-5760-copy.jpg
.jpg,www.fremontsailingclub.org,1,https://www.fremontsailingclub.org/uploads/1/2/7/0/127071339/img-5760-copy_orig.jpg
.jpg,www.fremontsailingclub.org,1,https://www.fremontsailingclub.org/uploads/1/2/7/0/127071339/img-5761-copy.jpg
.jpg,www.fremontsailingclub.org,1,https://www.fremontsailingclub.org/uploads/1/2/7/0/127071339/img-5761-copy_orig.jpg
.jpg,www.fremontsailingclub.org,1,https://www.fremontsailingclub.org/uploads/1/2/7/0/127071339/img-5762-copy.jpg
.jpg,www.fremontsailingclub.org,1,https://www.fremontsailingclub.org/uploads/1/2/7/0/127071339/img-5762-copy_orig.jpg
.jpg,www.fremontsailingclub.org,1,https://www.fremontsailingclub.org/uploads/1/2/7/0/127071339/img-5763-copy.jpg
.jpg,www.fremontsailingclub.org,1,https://www.fremontsailingclub.org/uploads/1/2/7/0/127071339/img-5763-copy_orig.jpg
.jpg,www.fremontsailingclub.org,1,https://www.fremontsailingclub.org/uploads/1/2/7/0/127071339/img-5764-copy.jpg
.jpg,www.fremontsailingclub.org,1,https://www.fremontsailingclub.org/uploads/1/2/7/0/127071339/img-5764-copy_orig.jpg
.jpg,www.fremontsailingclub.org,1,https://www.fremontsailingclub.org/uploads/1/2/7/0/127071339/img-5765-copy.jpg
.jpg,www.fremontsailingclub.org,1,https://www.fremontsailingclub.org/uploads/1/2/7/0/127071339/img-5765-copy_orig.jpg
.jpg,www.fremontsailingclub.org,1,https://www.fremontsailingclub.org/uploads/1/2/7/0/127071339/img-5766-copy.jpg
.jpg,www.fremontsailingclub.org,1,https://www.fremontsailingclub.org/uploads/1/2/7/0/127071339/img-5766-copy_orig.jpg
.jpg,www.fremontsailingclub.org,1,https://www.fremontsailingclub.org/uploads/1/2/7/0/127071339/img-5767-copy.jpg
.jpg,www.fremontsailingclub.org,1,https://www.fremontsailingclub.org/uploads/1/2/7/0/127071339/img-5767-copy_orig.jpg
.jpg,www.fremontsailingclub.org,1,https://www.fremontsailingclub.org/uploads/1/2/7/0/127071339/img-5768-copy.jpg
.jpg,www.fremontsailingclub.org,1,https://www.fremontsailingclub.org/uploads/1/2/7/0/127071339/img-5768-copy_orig.jpg
.jpg,www.fremontsailingclub.org,1,https://www.fremontsailingclub.org/uploads/1/2/7/0/127071339/img-5769-copy.jpg
.jpg,www.fremontsailingclub.org,1,https://www.fremontsailingclub.org/uploads/1/2/7/0/127071339/img-5769-copy_orig.jpg
.jpg,www.fremontsailingclub.org,1,https://www.fremontsailingclub.org/uploads/1/2/7/0/127071339/img-5770-copy.jpg
.jpg,www.fremontsailingclub.org,1,https://www.fremontsailingclub.org/uploads/1/2/7/0/127071339/img-5770-copy_orig.jpg
.jpg,www.fremontsailingclub.org,1,https://www.fremontsailingclub.org/uploads/1/2/7/0/127071339/img-5771-copy.jpg
.jpg,www.fremontsailingclub.org,1,https://www.fremontsailingclub.org/uploads/1/2/7/0/127071339/img-5771-copy_orig.jpg
.jpg,www.fremontsailingclub.org,1,https://www.fremontsailingclub.org/uploads/1/2/7/0/127071339/img-5772-copy.jpg
.jpg,www.fremontsailingclub.org,1,https://www.fremontsailingclub.org/uploads/1/2/7/0/127071339/img-5772-copy_orig.jpg
.jpg,www.fremontsailingclub.org,1,https://www.fremontsailingclub.org/uploads/1/2/7/0/127071339/img-5773-copy.jpg
.jpg,www.fremontsailingclub.org,1,https://www.fremontsailingclub.org/uploads/1/2/7/0/127071339/img-5773-copy_orig.jpg
.jpg,www.fremontsailingclub.org,1,https://www.fremontsailingclub.org/uploads/1/2/7/0/127071339/img-5774-copy.jpg
.jpg,www.fremontsailingclub.org,1,https://www.fremontsailingclub.org/uploads/1/2/7/0/127071339/img-5774-copy_orig.jpg
.jpg,www.fremontsailingclub.org,1,https://www.fremontsailingclub.org/uploads/1/2/7/0/127071339/img-5775-copy.jpg
.jpg,www.fremontsailingclub.org,1,https://www.fremontsailingclub.org/uploads/1/2/7/0/127071339/img-5775-copy_orig.jpg
.jpg,www.fremontsailingclub.org,1,https://www.fremontsailingclub.org/uploads/1/2/7/0/127071339/img-5776-copy.jpg
.jpg,www.fremontsailingclub.org,1,https://www.fremontsailingclub.org/uploads/1/2/7/0/127071339/img-5776-copy_orig.jpg
.jpg,www.fremontsailingclub.org,1,https://www.fremontsailingclub.org/uploads/1/2/7/0/127071339/img-5777-copy.jpg
.jpg,www.fremontsailingclub.org,1,https://www.fremontsailingclub.org/uploads/1/2/7/0/127071339/img-5777-copy_orig.jpg
.jpg,www.fremontsailingclub.org,1,https://www.fremontsailingclub.org/uploads/1/2/7/0/127071339/img-5778-copy.jpg
.jpg,www.fremontsailingclub.org,1,https://www.fremontsailingclub.org/uploads/1/2/7/0/127071339/img-5778-copy_orig.jpg
.jpg,www.fremontsailingclub.org,1,https://www.fremontsailingclub.org/uploads/1/2/7/0/127071339/img-5779-copy.jpg
.jpg,www.fremontsailingclub.org,1,https://www.fremontsailingclub.org/uploads/1/2/7/0/127071339/img-5779-copy_orig.jpg
.jpg,www.fremontsailingclub.org,1,https://www.fremontsailingclub.org/uploads/1/2/7/0/127071339/img-5780-copy.jpg
.jpg,www.fremontsailingclub.org,1,https://www.fremontsailingclub.org/uploads/1/2/7/0/127071339/img-5780-copy_orig.jpg
.jpg,www.fremontsailingclub.org,1,https://www.fremontsailingclub.org/uploads/1/2/7/0/127071339/img-5785-copy-sunfish.jpg
.jpg,www.fremontsailingclub.org,1,https://www.fremontsailingclub.org/uploads/1/2/7/0/127071339/img-5785-copy-sunfish_orig.jpg
.jpg,www.fremontsailingclub.org,1,https://www.fremontsailingclub.org/uploads/1/2/7/0/127071339/img-5786-copy.jpg
.jpg,www.fremontsailingclub.org,1,https://www.fremontsailingclub.org/uploads/1/2/7/0/127071339/img-5786-copy_orig.jpg
.jpg,www.fremontsailingclub.org,1,https://www.fremontsailingclub.org/uploads/1/2/7/0/127071339/img-5787-copy.jpg
.jpg,www.fremontsailingclub.org,1,https://www.fremontsailingclub.org/uploads/1/2/7/0/127071339/img-5787-copy_orig.jpg
.jpg,www.fremontsailingclub.org,1,https://www.fremontsailingclub.org/uploads/1/2/7/0/127071339/img-5788-copy.jpg
.jpg,www.fremontsailingclub.org,1,https://www.fremontsailingclub.org/uploads/1/2/7/0/127071339/img-5788-copy_orig.jpg
.jpg,www.fremontsailingclub.org,1,https://www.fremontsailingclub.org/uploads/1/2/7/0/127071339/img-5789-copy.jpg
.jpg,www.fremontsailingclub.org,1,https://www.fremontsailingclub.org/uploads/1/2/7/0/127071339/img-5789-copy_orig.jpg
.jpg,www.fremontsailingclub.org,1,https://www.fremontsailingclub.org/uploads/1/2/7/0/127071339/img-5790-copy.jpg
.jpg,www.fremontsailingclub.org,1,https://www.fremontsailingclub.org/uploads/1/2/7/0/127071339/img-5790-copy_orig.jpg
.jpg,www.fremontsailingclub.org,1,https://www.fremontsailingclub.org/uploads/1/2/7/0/127071339/img-5794-copy-smallest.jpg
.jpg,www.fremontsailingclub.org,1,https://www.fremontsailingclub.org/uploads/1/2/7/0/127071339/img-5794-copy-smallest_orig.jpg
.jpg,www.fremontsailingclub.org,1,https://www.fremontsailingclub.org/uploads/1/2/7/0/127071339/img-5794-copy.jpg
.jpg,www.fremontsailingclub.org,1,https://www.fremontsailingclub.org/uploads/1/2/7/0/127071339/img-5794-copy_orig.jpg
.jpg,www.fremontsailingclub.org,1,https://www.fremontsailingclub.org/uploads/1/2/7/0/127071339/img-5795-copy.jpg
.jpg,www.fremontsailingclub.org,1,https://www.fremontsailingclub.org/uploads/1/2/7/0/127071339/img-5795-copy_orig.jpg
.jpg,www.fremontsailingclub.org,1,https://www.fremontsailingclub.org/uploads/1/2/7/0/127071339/img-5796-copy.jpg
.jpg,www.fremontsailingclub.org,1,https://www.fremontsailingclub.org/uploads/1/2/7/0/127071339/img-5796-copy_orig.jpg
.jpg,www.fremontsailingclub.org,1,https://www.fremontsailingclub.org/uploads/1/2/7/0/127071339/img-5797-copy.jpg
.jpg,www.fremontsailingclub.org,1,https://www.fremontsailingclub.org/uploads/1/2/7/0/127071339/img-5797-copy_orig.jpg
.jpg,www.fremontsailingclub.org,1,https://www.fremontsailingclub.org/uploads/1/2/7/0/127071339/img-5797smallest.jpg
.jpg,www.fremontsailingclub.org,1,https://www.fremontsailingclub.org/uploads/1/2/7/0/127071339/img-5797smallest_orig.jpg
.jpg,www.fremontsailingclub.org,1,https://www.fremontsailingclub.org/uploads/1/2/7/0/127071339/img-5798-copy.jpg
.jpg,www.fremontsailingclub.org,1,https://www.fremontsailingclub.org/uploads/1/2/7/0/127071339/img-5798-copy_orig.jpg
.jpg,www.fremontsailingclub.org,1,https://www.fremontsailingclub.org/uploads/1/2/7/0/127071339/img-5799-copy-smallest-ever.jpg
.jpg,www.fremontsailingclub.org,1,https://www.fremontsailingclub.org/uploads/1/2/7/0/127071339/img-5799-copy-smallest-ever_orig.jpg
.jpg,www.fremontsailingclub.org,1,https://www.fremontsailingclub.org/uploads/1/2/7/0/127071339/img-5799-copy.jpg
.jpg,www.fremontsailingclub.org,1,https://www.fremontsailingclub.org/uploads/1/2/7/0/127071339/img-5799-copy_orig.jpg
.jpg,www.fremontsailingclub.org,1,https://www.fremontsailingclub.org/uploads/1/2/7/0/127071339/img-5800-copy.jpg
.jpg,www.fremontsailingclub.org,1,https://www.fremontsailingclub.org/uploads/1/2/7/0/127071339/img-5800-copy_orig.jpg
.jpg,www.fremontsailingclub.org,1,https://www.fremontsailingclub.org/uploads/1/2/7/0/127071339/img-5801-copy.jpg
.jpg,www.fremontsailingclub.org,1,https://www.fremontsailingclub.org/uploads/1/2/7/0/127071339/img-5801-copy_orig.jpg
.jpg,www.fremontsailingclub.org,1,https://www.fremontsailingclub.org/uploads/1/2/7/0/127071339/img-5802-copy.jpg
.jpg,www.fremontsailingclub.org,1,https://www.fremontsailingclub.org/uploads/1/2/7/0/127071339/img-5802-copy_orig.jpg
.jpg,www.fremontsailingclub.org,1,https://www.fremontsailingclub.org/uploads/1/2/7/0/127071339/img-5803-copy.jpg
.jpg,www.fremontsailingclub.org,1,https://www.fremontsailingclub.org/uploads/1/2/7/0/127071339/img-5803-copy_orig.jpg
.jpg,www.fremontsailingclub.org,1,https://www.fremontsailingclub.org/uploads/1/2/7/0/127071339/img-5804-copy.jpg
.jpg,www.fremontsailingclub.org,1,https://www.fremontsailingclub.org/uploads/1/2/7/0/127071339/img-5804-copy_orig.jpg
.jpg,www.fremontsailingclub.org,1,https://www.fremontsailingclub.org/uploads/1/2/7/0/127071339/img-5805-copy.jpg
.jpg,www.fremontsailingclub.org,1,https://www.fremontsailingclub.org/uploads/1/2/7/0/127071339/img-5805-copy_orig.jpg
.jpg,www.fremontsailingclub.org,1,https://www.fremontsailingclub.org/uploads/1/2/7/0/127071339/img-5806ces1.jpg
.jpg,www.fremontsailingclub.org,1,https://www.fremontsailingclub.org/uploads/1/2/7/0/127071339/img-5806ces1_orig.jpg
.jpg,www.fremontsailingclub.org,1,https://www.fremontsailingclub.org/uploads/1/2/7/0/127071339/img-5806ces2.jpg
.jpg,www.fremontsailingclub.org,1,https://www.fremontsailingclub.org/uploads/1/2/7/0/127071339/img-5806ces2_orig.jpg
.jpg,www.fremontsailingclub.org,1,https://www.fremontsailingclub.org/uploads/1/2/7/0/127071339/img-5807ces.jpg
.jpg,www.fremontsailingclub.org,1,https://www.fremontsailingclub.org/uploads/1/2/7/0/127071339/img-5807ces_orig.jpg
.jpg,www.fremontsailingclub.org,1,https://www.fremontsailingclub.org/uploads/1/2/7/0/127071339/img-5808ces.jpg
.jpg,www.fremontsailingclub.org,1,https://www.fremontsailingclub.org/uploads/1/2/7/0/127071339/img-5808ces_orig.jpg
.jpg,www.fremontsailingclub.org,1,https://www.fremontsailingclub.org/uploads/1/2/7/0/127071339/img-5809ces.jpg
.jpg,www.fremontsailingclub.org,1,https://www.fremontsailingclub.org/uploads/1/2/7/0/127071339/img-5809ces_orig.jpg
.jpg,www.fremontsailingclub.org,1,https://www.fremontsailingclub.org/uploads/1/2/7/0/127071339/img-5810-copy.jpg
.jpg,www.fremontsailingclub.org,1,https://www.fremontsailingclub.org/uploads/1/2/7/0/127071339/img-5810-copy_orig.jpg
.jpg,www.fremontsailingclub.org,1,https://www.fremontsailingclub.org/uploads/1/2/7/0/127071339/img-5811cc.jpg
.jpg,www.fremontsailingclub.org,1,https://www.fremontsailingclub.org/uploads/1/2/7/0/127071339/img-5811cc_orig.jpg
.jpg,www.fremontsailingclub.org,1,https://www.fremontsailingclub.org/uploads/1/2/7/0/127071339/img-5811ces.jpg
.jpg,www.fremontsailingclub.org,1,https://www.fremontsailingclub.org/uploads/1/2/7/0/127071339/img-5811ces_orig.jpg
.jpg,www.fremontsailingclub.org,1,https://www.fremontsailingclub.org/uploads/1/2/7/0/127071339/img-5811cesm.jpg
.jpg,www.fremontsailingclub.org,1,https://www.fremontsailingclub.org/uploads/1/2/7/0/127071339/img-5811cesm_orig.jpg
.jpg,www.fremontsailingclub.org,1,https://www.fremontsailingclub.org/uploads/1/2/7/0/127071339/leeward-mark-3-boat_orig.jpg
.jpg,www.fremontsailingclub.org,1,https://www.fremontsailingclub.org/uploads/1/2/7/0/127071339/leeward-mark-opposite-tacks_orig.jpg
.png,www.fremontsailingclub.org,1,https://www.fremontsailingclub.org/uploads/1/2/7/0/127071339/lido14-logo_1.png
.png,www.fremontsailingclub.org,1,https://www.fremontsailingclub.org/uploads/1/2/7/0/127071339/lido14-logo_11.png
.png,www.fremontsailingclub.org,1,https://www.fremontsailingclub.org/uploads/1/2/7/0/127071339/lido14-logo_12.png
.png,www.fremontsailingclub.org,1,https://www.fremontsailingclub.org/uploads/1/2/7/0/127071339/lido14-logo_2.png
.png,www.fremontsailingclub.org,1,https://www.fremontsailingclub.org/uploads/1/2/7/0/127071339/lido14-logo_3.png
.png,www.fremontsailingclub.org,1,https://www.fremontsailingclub.org/uploads/1/2/7/0/127071339/lido14-logo_4.png
.png,www.fremontsailingclub.org,1,https://www.fremontsailingclub.org/uploads/1/2/7/0/127071339/lido14-logo_5.png
.png,www.fremontsailingclub.org,1,https://www.fremontsailingclub.org/uploads/1/2/7/0/127071339/lido14-logo_6.png
.png,www.fremontsailingclub.org,1,https://www.fremontsailingclub.org/uploads/1/2/7/0/127071339/lido14-logo_7.png
.png,www.fremontsailingclub.org,1,https://www.fremontsailingclub.org/uploads/1/2/7/0/127071339/lido14-logo_8.png
.png,www.fremontsailingclub.org,1,https://www.fremontsailingclub.org/uploads/1/2/7/0/127071339/lido14-logo_orig.png
.png,www.fremontsailingclub.org,1,https://www.fremontsailingclub.org/uploads/1/2/7/0/127071339/lido_1.png
.jpg,www.fremontsailingclub.org,1,https://www.fremontsailingclub.org/uploads/1/2/7/0/127071339/obstruction-1_orig.jpg
.png,www.fremontsailingclub.org,1,https://www.fremontsailingclub.org/uploads/1/2/7/0/127071339/open-fleet_orig.png
.png,www.fremontsailingclub.org,1,https://www.fremontsailingclub.org/uploads/1/2/7/0/127071339/open_1.png
.jpg,www.fremontsailingclub.org,1,https://www.fremontsailingclub.org/uploads/1/2/7/0/127071339/overlapped_orig.jpg
.jpg,www.fremontsailingclub.org,1,https://www.fremontsailingclub.org/uploads/1/2/7/0/127071339/port-stbd_orig.jpg
.jpeg,www.fremontsailingclub.org,1,https://www.fremontsailingclub.org/uploads/1/2/7/0/127071339/published/0925221051-film1-resized.jpeg?1711105793
.jpg,www.fremontsailingclub.org,1,https://www.fremontsailingclub.org/uploads/1/2/7/0/127071339/published/20220515-121921-small.jpg?1740160006
.png,www.fremontsailingclub.org,1,https://www.fremontsailingclub.org/uploads/1/2/7/0/127071339/published/el-toro-fleet-overall-title-logo_5.png
.png,www.fremontsailingclub.org,1,https://www.fremontsailingclub.org/uploads/1/2/7/0/127071339/published/el-toro-fleet-overall-title-logo_6.png
.png,www.fremontsailingclub.org,1,https://www.fremontsailingclub.org/uploads/1/2/7/0/127071339/published/el-toro-fleet-overall-title-logo_7.png?1621831117
.png,www.fremontsailingclub.org,1,https://www.fremontsailingclub.org/uploads/1/2/7/0/127071339/published/fsc-flag-copy-1_7.png
.png,www.fremontsailingclub.org,1,https://www.fremontsailingclub.org/uploads/1/2/7/0/127071339/published/fsc-flag-copy-1_8.png
.png,www.fremontsailingclub.org,1,https://www.fremontsailingclub.org/uploads/1/2/7/0/127071339/published/lido-14-fleet-overall-title-logo_4.png
.png,www.fremontsailingclub.org,1,https://www.fremontsailingclub.org/uploads/1/2/7/0/127071339/published/lido-14-fleet-overall-title-logo_5.png
.png,www.fremontsailingclub.org,1,https://www.fremontsailingclub.org/uploads/1/2/7/0/127071339/published/screen-shot-2019-09-14-at-1-33-29-pm.png?1568493253
.png,www.fremontsailingclub.org,1,https://www.fremontsailingclub.org/uploads/1/2/7/0/127071339/published/screen-shot-2019-09-14-at-1-33-29-pm.png?1568493370
.png,www.fremontsailingclub.org,1,https://www.fremontsailingclub.org/uploads/1/2/7/0/127071339/published/screen-shot-2019-09-15-at-8-13-21-am.png?1738976318
.png,www.fremontsailingclub.org,1,https://www.fremontsailingclub.org/uploads/1/2/7/0/127071339/published/screen-shot-2021-05-23-at-9-31-49-pm.png?1621830800
.png,www.fremontsailingclub.org,1,https://www.fremontsailingclub.org/uploads/1/2/7/0/127071339/published/screen-shot-2021-05-23-at-9-33-29-pm.png?1621830857
.png,www.fremontsailingclub.org,1,https://www.fremontsailingclub.org/uploads/1/2/7/0/127071339/published/screen-shot-2021-05-23-at-9-37-38-pm.png?1621831091
.png,www.fremontsailingclub.org,1,https://www.fremontsailingclub.org/uploads/1/2/7/0/127071339/published/screen-shot-2021-08-23-at-7-51-47-pm.png?1629773700
.png,www.fremontsailingclub.org,1,https://www.fremontsailingclub.org/uploads/1/2/7/0/127071339/published/screen-shot-2021-08-23-at-7-51-59-pm.png?1629773593
.png,www.fremontsailingclub.org,1,https://www.fremontsailingclub.org/uploads/1/2/7/0/127071339/published/screen-shot-2021-08-23-at-7-52-10-pm.png?1629773576
.png,www.fremontsailingclub.org,1,https://www.fremontsailingclub.org/uploads/1/2/7/0/127071339/published/screen-shot-2022-03-19-at-4-58-40-pm.png?1647740442
.jpg,www.fremontsailingclub.org,1,https://www.fremontsailingclub.org/uploads/1/2/7/0/127071339/published/shoreline-lake-header.jpg?1703959627
.gif,www.fremontsailingclub.org,1,https://www.fremontsailingclub.org/uploads/1/2/7/0/127071339/published/toroshovels-1.gif?1623644780
.jpeg,www.fremontsailingclub.org,1,https://www.fremontsailingclub.org/uploads/1/2/7/0/127071339/pxl-20250907-175001877_1.jpeg
.pdf,www.fremontsailingclub.org,1,https://www.fremontsailingclub.org/uploads/1/2/7/0/127071339/results_fall_2025_1.pdf
.pdf,www.fremontsailingclub.org,1,https://www.fremontsailingclub.org/uploads/1/2/7/0/127071339/results_fall_2025_2a.pdf
.pdf,www.fremontsailingclub.org,1,https://www.fremontsailingclub.org/uploads/1/2/7/0/127071339/results_fall_2025_3.pdf
.pdf,www.fremontsailingclub.org,1,https://www.fremontsailingclub.org/uploads/1/2/7/0/127071339/results_spring_2025_1.pdf
.pdf,www.fremontsailingclub.org,1,https://www.fremontsailingclub.org/uploads/1/2/7/0/127071339/results_spring_2025_2a.pdf
.pdf,www.fremontsailingclub.org,1,https://www.fremontsailingclub.org/uploads/1/2/7/0/127071339/results_spring_2025_3.pdf
.pdf,www.fremontsailingclub.org,1,https://www.fremontsailingclub.org/uploads/1/2/7/0/127071339/results_summer_2025_1.pdf
.pdf,www.fremontsailingclub.org,1,https://www.fremontsailingclub.org/uploads/1/2/7/0/127071339/results_summer_2025_2.pdf
.pdf,www.fremontsailingclub.org,1,https://www.fremontsailingclub.org/uploads/1/2/7/0/127071339/results_summer_2025_3.pdf
.jpg,www.fremontsailingclub.org,1,https://www.fremontsailingclub.org/uploads/1/2/7/0/127071339/rule-15_orig.jpg
.jpg,www.fremontsailingclub.org,1,https://www.fremontsailingclub.org/uploads/1/2/7/0/127071339/rule-16_orig.jpg
.jpg,www.fremontsailingclub.org,1,https://www.fremontsailingclub.org/uploads/1/2/7/0/127071339/run_orig.jpg
.jpeg,www.fremontsailingclub.org,1,https://www.fremontsailingclub.org/uploads/1/2/7/0/127071339/sailboatgif-jpb_1.jpeg
.jpeg,www.fremontsailingclub.org,1,https://www.fremontsailingclub.org/uploads/1/2/7/0/127071339/sailboatgif-jpb_2.jpeg
.jpeg,www.fremontsailingclub.org,1,https://www.fremontsailingclub.org/uploads/1/2/7/0/127071339/sailboatgif-jpb_3.jpeg
.jpeg,www.fremontsailingclub.org,1,https://www.fremontsailingclub.org/uploads/1/2/7/0/127071339/sailboatgif-jpb_4.jpeg
.jpeg,www.fremontsailingclub.org,1,https://www.fremontsailingclub.org/uploads/1/2/7/0/127071339/sailboatgif-jpb_orig.jpeg
.png,www.fremontsailingclub.org,1,https://www.fremontsailingclub.org/uploads/1/2/7/0/127071339/screen-shot-2019-09-14-at-1-31-42-pm_orig.png
.png,www.fremontsailingclub.org,1,https://www.fremontsailingclub.org/uploads/1/2/7/0/127071339/screen-shot-2019-09-14-at-1-32-48-pm_orig.png
.png,www.fremontsailingclub.org,1,https://www.fremontsailingclub.org/uploads/1/2/7/0/127071339/screen-shot-2019-09-14-at-1-34-36-pm_orig.png
.png,www.fremontsailingclub.org,1,https://www.fremontsailingclub.org/uploads/1/2/7/0/127071339/screen-shot-2019-09-14-at-1-36-27-pm_orig.png
.png,www.fremontsailingclub.org,1,https://www.fremontsailingclub.org/uploads/1/2/7/0/127071339/screen-shot-2019-09-14-at-1-37-02-pm_orig.png
.png,www.fremontsailingclub.org,1,https://www.fremontsailingclub.org/uploads/1/2/7/0/127071339/screen-shot-2019-09-14-at-1-37-23-pm_orig.png
.png,www.fremontsailingclub.org,1,https://www.fremontsailingclub.org/uploads/1/2/7/0/127071339/screen-shot-2021-09-27-at-7-48-18-pm_orig.png
.png,www.fremontsailingclub.org,1,https://www.fremontsailingclub.org/uploads/1/2/7/0/127071339/screen-shot-2022-03-19-at-4-56-59-pm_orig.png
.png,www.fremontsailingclub.org,1,https://www.fremontsailingclub.org/uploads/1/2/7/0/127071339/screen-shot-2022-03-20-at-9-39-12-am_orig.png
.png,www.fremontsailingclub.org,1,https://www.fremontsailingclub.org/uploads/1/2/7/0/127071339/screen-shot-2024-03-22-at-4-37-32-am_orig.png
.png,www.fremontsailingclub.org,1,https://www.fremontsailingclub.org/uploads/1/2/7/0/127071339/screenshot-2025-02-07-164008_orig.png
.pdf,www.fremontsailingclub.org,1,https://www.fremontsailingclub.org/uploads/1/2/7/0/127071339/series_fall_results_2025_2.pdf
.pdf,www.fremontsailingclub.org,1,https://www.fremontsailingclub.org/uploads/1/2/7/0/127071339/spring_series_results_2025.pdf
.jpg,www.fremontsailingclub.org,1,https://www.fremontsailingclub.org/uploads/1/2/7/0/127071339/start_orig.jpg
.jpg,www.fremontsailingclub.org,1,https://www.fremontsailingclub.org/uploads/1/2/7/0/127071339/starting-line_orig.jpg
.jpg,www.fremontsailingclub.org,1,https://www.fremontsailingclub.org/uploads/1/2/7/0/127071339/stevemaulick.jpg
.jpg,www.fremontsailingclub.org,1,https://www.fremontsailingclub.org/uploads/1/2/7/0/127071339/stevemaulick_orig.jpg
.pdf,www.fremontsailingclub.org,1,https://www.fremontsailingclub.org/uploads/1/2/7/0/127071339/summer_series_results_2025.pdf
.jpg,www.fremontsailingclub.org,1,https://www.fremontsailingclub.org/uploads/1/2/7/0/127071339/tacking_orig.jpg
.png,www.fremontsailingclub.org,1,https://www.fremontsailingclub.org/uploads/1/2/7/0/127071339/vern-no-bg_1.png
.png,www.fremontsailingclub.org,1,https://www.fremontsailingclub.org/uploads/1/2/7/0/127071339/vern-no-bg_2.png
.png,www.fremontsailingclub.org,1,https://www.fremontsailingclub.org/uploads/1/2/7/0/127071339/vern-no-bg_3.png
.png,www.fremontsailingclub.org,1,https://www.fremontsailingclub.org/uploads/1/2/7/0/127071339/vern-no-bg_4.png
.jpg,www.fremontsailingclub.org,1,https://www.fremontsailingclub.org/uploads/1/2/7/0/127071339/windard-mark-opposite-tacks_orig.jpg
.jpg,www.fremontsailingclub.org,1,https://www.fremontsailingclub.org/uploads/1/2/7/0/127071339/windard-mark_orig.jpg
.jpg,www.fremontsailingclub.org,1,https://www.fremontsailingclub.org/uploads/1/2/7/0/127071339/windward-mark_orig.jpg
